"nsr_id";"ranking";"travel_name";"address";"middle_category";"small_category"
1;"1";"설악케이블카";"강원 속초시 설악동 146-2";"기타관광지";"관광명소기타"
2;"2";"대관령양떼목장";"강원 평창군 대관령면 횡계리 14-104";"기타관광지";"관광명소기타"
3;"3";"강원랜드카지노";"강원 정선군 사북읍 사북리 424-0";"기타관광지";"카지노"
4;"4";"삼양대관령목장";"강원 평창군 대관령면 횡계리 704-5";"기타관광지";"목장"
5;"5";"고성통일전망대";"강원 고성군 현내면 명호리 산 68-0";"기타관광지";"전망대"
6;"6";"고석정국민관광지";"강원 철원군 동송읍 장흥리 20-1";"기타관광지";"관광단지"
7;"7";"영금정전망대";"강원 속초시 동명동 1-256";"기타관광지";"전망대"
8;"8";"하슬라아트월드";"강원 강릉시 강동면 정동진리 524-19";"기타관광지";"관광단지"
9;"9";"정동진";"강원 강릉시 강동면 정동진리 303-0";"기타관광지";"관광단지"
10;"10";"원주소금산출렁다리";"강원 원주시 지정면 간현리 0-0";"기타관광지";"관광명소기타"
11;"11";"촛대바위";"강원 동해시 추암동 0-0";"기타관광지";"관광명소기타"
12;"12";"소양강스카이워크";"강원 춘천시 근화동 8-1";"기타관광지";"전망대"
13;"13";"철원한탄강은하수교";"강원 철원군 동송읍 장흥리 725-12";"기타관광지";"관광명소기타"
14;"14";"월정사전나무숲";"강원 평창군 진부면 동산리 0-0";"기타관광지";"관광명소기타"
15;"15";"하조대전망대";"강원 양양군 현북면 하광정리 58-1";"기타관광지";"전망대"
16;"16";"멍에전망대";"강원 강릉시 왕산면 대기리 2214-98";"기타관광지";"전망대"
17;"17";"도깨비촬영지 (영진해변)";"강원 강릉시 주문진읍 교항리 81-32";"기타관광지";"촬영지"
18;"18";"한반도지형";"강원 영월군 한반도면 옹정리 0-0";"기타관광지";"전망대"
19;"19";"대관령하늘목장";"강원 평창군 대관령면 횡계리 산 1-134";"기타관광지";"목장"
20;"20";"알파카월드";"강원 홍천군 화촌면 풍천리 310-0";"기타관광지";"관광명소기타"
21;"1";"뮤지엄산";"강원 원주시 지정면 월송리 산 129-5";"문화시설";"미술관"
22;"2";"애니메이션박물관";"강원 춘천시 서면 현암리 367-0";"문화시설";"박물관/기념관"
23;"3";"이효석문학관";"강원 평창군 봉평면 창동리 544-3";"문화시설";"박물관/기념관"
24;"4";"젊은달와이파크";"강원 영월군 주천면 주천리 1376-36";"문화시설";"박물관/기념관"
25;"5";"평화의댐물문화관";"강원 화천군 화천읍 동촌리 2921-0";"문화시설";"박물관/기념관"
26;"6";"속초시립박물관";"강원 속초시 노학동 736-1";"문화시설";"박물관/기념관"
27;"7";"조경철천문대";"강원 화천군 사내면 광덕리 산 273-105";"문화시설";"과학관"
28;"8";"국립산악박물관";"강원 속초시 노학동 735-3";"문화시설";"박물관/기념관"
29;"9";"국립춘천박물관 본관";"강원 춘천시 석사동 95-3";"문화시설";"박물관/기념관"
30;"10";"DMZ박물관";"강원 고성군 현내면 송현리 212-0";"문화시설";"박물관/기념관"
31;"11";"박수근미술관";"강원 양구군 양구읍 정림리 131-1";"문화시설";"미술관"
32;"12";"바우지움미술관";"강원 고성군 토성면 원암리 288-0";"문화시설";"미술관"
33;"13";"KT&G상상마당 춘천아트센터";"강원 춘천시 삼천동 223-2";"문화시설";"문화생활시설기타"
34;"14";"돼지문화원";"강원 원주시 지정면 월송리 338-19";"문화시설";"문화원"
35;"15";"비엔나인형박물관";"강원 평창군 대관령면 용산리 383-3";"문화시설";"박물관/기념관"
36;"16";"이승복기념관";"강원 평창군 용평면 노동리 327-10";"문화시설";"박물관/기념관"
37;"17";"화진포해양박물관";"강원 고성군 현내면 초도리 94-1";"문화시설";"박물관/기념관"
38;"18";"이상원미술관";"강원 춘천시 사북면 지암리 587-0";"문화시설";"미술관"
39;"19";"석탄박물관";"강원 태백시 소도동 166-0";"문화시설";"박물관/기념관"
40;"20";"참소리축음기에디슨과학박물관";"강원 강릉시 저동 36-0";"문화시설";"박물관/기념관"
41;"1";"경포대";"강원 강릉시 저동 94-0";"역사관광지";"문화유적지"
42;"2";"청령포";"강원 영월군 남면 광천리 산 67-1";"역사관광지";"문화유적지"
43;"3";"화진포의성";"강원 고성군 거진읍 화포리 530-1";"역사관광지";"고택/생가/민속마을"
44;"4";"오죽헌";"강원 강릉시 죽헌동 177-4";"역사관광지";"문화유적지"
45;"5";"노동당사";"강원 철원군 철원읍 관전리 0-0";"역사관광지";"문화유적지"
46;"6";"하조대";"강원 양양군 현북면 하광정리 산 3-0";"역사관광지";"문화유적지"
47;"7";"고석정";"강원 철원군 동송읍 장흥리 725-13";"역사관광지";"문화유적지"
48;"8";"장릉";"강원 영월군 영월읍 영흥리 1086-0";"역사관광지";"능묘"
49;"9";"허난설헌생가터";"강원 강릉시 초당동 475-3";"역사관광지";"고택/생가/민속마을"
50;"10";"이효석생가";"강원 평창군 봉평면 창동리 681-0";"역사관광지";"고택/생가/민속마을"
51;"11";"김유정문학촌";"강원 춘천시 신동면 증리 868-1";"역사관광지";"문화유적지"
52;"12";"죽서루";"강원 삼척시 성내동 8-2";"역사관광지";"문화유적지"
53;"13";"강릉선교장";"강원 강릉시 운정동 431-0";"역사관광지";"문화유적지"
54;"14";"백마고지전적지";"강원 철원군 철원읍 산명리 1822-3";"역사관광지";"문화유적지"
55;"15";"의상대";"강원 양양군 강현면 전진리 산 5-2";"역사관광지";"문화유적지"
56;"16";"아라리촌";"강원 정선군 정선읍 애산리 560-0";"역사관광지";"고택/생가/민속마을"
57;"17";"김유정역 폐역";"강원 춘천시 신동면 증리 859-0";"역사관광지";"문화유적지"
58;"18";"철원승일교";"강원 철원군 갈말읍 내대리 0-0";"역사관광지";"문화유적지"
59;"19";"요선정";"강원 영월군 무릉도원면 무릉리 산 139-0";"역사관광지";"문화유적지"
60;"20";"원주강원감영";"강원 원주시 일산동 54-2";"역사관광지";"문화유적지"
61;"1";"속초해변";"강원 속초시 조양동 1464-11";"자연관광지";"해수욕장"
62;"2";"경포해변";"강원 강릉시 안현동 산 0-0";"자연관광지";"해수욕장"
63;"3";"낙산해변";"강원 양양군 강현면 주청리 1-0";"자연관광지";"해수욕장"
64;"4";"안목해변";"강원 강릉시 견소동 286-0";"자연관광지";"해수욕장"
65;"5";"아야진해수욕장";"강원 고성군 토성면 아야진리 0-0";"자연관광지";"해수욕장"
66;"6";"남이섬";"강원 춘천시 남산면 방하리 198-0";"자연관광지";"섬"
67;"7";"송지호해변";"강원 고성군 죽왕면 오호리 0-0";"자연관광지";"해수욕장"
68;"8";"하조대해변";"강원 양양군 현북면 하광정리 1-0";"자연관광지";"해수욕장"
69;"9";"망상해수욕장";"강원 동해시 망상동 393-16";"자연관광지";"해수욕장"
70;"10";"강문해변";"강원 강릉시 강문동 0-0";"자연관광지";"해수욕장"
71;"11";"맹방해변";"강원 삼척시 근덕면 하맹방리 0-0";"자연관광지";"해수욕장"
72;"12";"화진포해변";"강원 고성군 현내면 초도리 0-0";"자연관광지";"해수욕장"
73;"13";"속삭이는자작나무숲";"강원 인제군 인제읍 원대리 763-4";"자연관광지";"산림욕장"
74;"14";"주문진해변";"강원 강릉시 주문진읍 향호리 0-0";"자연관광지";"해수욕장"
75;"15";"정동진해변";"강원 강릉시 강동면 정동진리 303-0";"자연관광지";"해수욕장"
76;"16";"죽도해변";"강원 양양군 현남면 인구리 0-0";"자연관광지";"해수욕장"
77;"17";"설악산국립공원";"강원 속초시 설악동 0-0";"자연관광지";"국/도립공원"
78;"18";"사근진해변";"강원 강릉시 안현동 5-2";"자연관광지";"해수욕장"
79;"19";"무릉계곡";"강원 동해시 삼화동 859-1";"자연관광지";"폭포/계곡"
80;"20";"환선굴";"강원 삼척시 신기면 대이리 181-0";"자연관광지";"동굴"
81;"1";"휘닉스평창";"강원 평창군 봉평면 면온리 1095-1";"휴양관광지";"종합위락시설"
82;"2";"강원랜드";"강원 정선군 사북읍 사북리 424-0";"휴양관광지";"종합위락시설"
83;"3";"제이드가든";"강원 춘천시 남산면 서천리 412-0";"휴양관광지";"동식물원"
84;"4";"모곡밤벌유원지";"강원 홍천군 서면 모곡리 537-0";"휴양관광지";"유원지"
85;"5";"설악워터피아";"강원 속초시 장사동 24-9";"휴양관광지";"테마파크"
86;"6";"공지천유원지";"강원 춘천시 근화동 696-3";"휴양관광지";"유원지"
87;"7";"대명비발디파크 메인센터";"강원 홍천군 서면 팔봉리 1290-14";"휴양관광지";"종합위락시설"
88;"8";"오크밸리 빌리지센터";"강원 원주시 지정면 월송리 1016-0";"휴양관광지";"종합위락시설"
89;"9";"경포아쿠아리움";"강원 강릉시 초당동 505-0";"휴양관광지";"수족관"
90;"10";"척산온천장";"강원 속초시 노학동 939-7";"휴양관광지";"온천"
91;"11";"척산온천휴양촌";"강원 속초시 노학동 972-1";"휴양관광지";"온천"
92;"12";"마곡유원지";"강원 홍천군 서면 마곡리 산 129-0";"휴양관광지";"유원지"
93;"13";"하이원워터월드";"강원 정선군 사북읍 사북리 산 155-58";"휴양관광지";"테마파크"
94;"14";"설악산자생식물원";"강원 속초시 노학동 1000-396";"휴양관광지";"동식물원"
95;"15";"쌍둥이동물농장";"강원 강릉시 옥계면 천남리 384-0";"휴양관광지";"동식물원"
96;"16";"육림랜드";"강원 춘천시 사농동 61-2";"휴양관광지";"테마파크"
97;"17";"칠봉유원지";"강원 원주시 호저면 산현리 산 1-0";"휴양관광지";"유원지"
98;"18";"런닝맨 강릉점";"강원 강릉시 강문동 1-1";"휴양관광지";"테마파크"
99;"19";"365세이프타운";"강원 태백시 장성동 287-0";"휴양관광지";"테마파크"
100;"20";"강아지숲";"강원 춘천시 남산면 광판리 산 250-0";"휴양관광지";"테마파크"
101;"1";"마장호수출렁다리";"경기 파주시 광탄면 기산리 0-0";"기타관광지";"관광명소기타"
102;"2";"헤이리예술마을";"경기 파주시 탄현면 법흥리 1652-0";"기타관광지";"관광명소기타"
103;"3";"두물머리";"경기 양평군 양서면 양수리 0-0";"기타관광지";"관광명소기타"
104;"4";"임진각";"경기 파주시 문산읍 마정리 1325-1";"기타관광지";"관광명소기타"
105;"5";"프로방스";"경기 파주시 탄현면 성동리 84-0";"기타관광지";"관광명소기타"
106;"6";"퍼스트가든";"경기 파주시 상지석동 1021-3";"기타관광지";"관광단지"
107;"7";"허브아일랜드";"경기 포천시 신북면 삼정리 517-2";"기타관광지";"관광농원"
108;"8";"쁘띠프랑스";"경기 가평군 청평면 고성리 616-2";"기타관광지";"관광단지"
109;"9";"감악산출렁다리";"경기 파주시 적성면 설마리 산 0-0";"기타관광지";"관광명소기타"
110;"10";"포천한탄강하늘다리";"경기 포천시 영북면 대회산리 377-0";"기타관광지";"관광명소기타"
111;"11";"평택호관광단지";"경기 평택시 현덕면 권관리 321-0";"기타관광지";"관광단지"
112;"12";"나리농원";"경기 양주시 광사동 814-0";"기타관광지";"관광농원"
113;"13";"덕평공룡수목원";"경기 이천시 마장면 작촌리 372-2";"기타관광지";"관광명소기타"
114;"14";"장흥관광지";"경기 양주시 장흥면 석현리 산 2-3";"기타관광지";"관광단지"
115;"15";"오두산통일전망대";"경기 파주시 탄현면 성동리 659-0";"기타관광지";"전망대"
116;"16";"예스파크";"경기 이천시 신둔면 고척리 599-6";"기타관광지";"관광단지"
117;"17";"대부바다향기테마파크";"경기 안산시 단원구 대부북동 0-0";"기타관광지";"관광명소기타"
118;"18";"이포보전망대";"경기 여주시 대신면 천서리 755-0";"기타관광지";"전망대"
119;"19";"안성맞춤랜드";"경기 안성시 보개면 복평리 294-2";"기타관광지";"관광단지"
120;"20";"별빛정원우주";"경기 이천시 마장면 각평리 319-0";"기타관광지";"관광명소기타"
121;"1";"국립과천과학관";"경기 과천시 과천동 758-0";"문화시설";"과학관"
122;"2";"킨텍스 제1전시장";"경기 고양시 일산서구 대화동 2600-0";"문화시설";"전시장"
123;"3";"킨텍스 제2전시장";"경기 고양시 일산서구 대화동 2700-0";"문화시설";"전시장"
124;"4";"국립현대미술관 과천관";"경기 과천시 막계동 산 58-4";"문화시설";"미술관"
125;"5";"수원메쎄";"경기 수원시 권선구 서둔동 296-124";"문화시설";"화랑/전시관"
126;"6";"여주곤충박물관";"경기 여주시 능현동 166-0";"문화시설";"박물관/기념관"
127;"7";"시몬스 테라스점";"경기 이천시 모가면 신갈리 374-0";"문화시설";"문화생활시설기타"
128;"8";"수원컨벤션센터";"경기 수원시 영통구 하동 855-2";"문화시설";"전시장"
129;"9";"가나아트파크";"경기 양주시 장흥면 일영리 8-0";"문화시설";"미술관"
130;"10";"한국만화박물관";"경기 부천시 상동 529-2";"문화시설";"박물관/기념관"
131;"11";"현대모터스튜디오 고양";"경기 고양시 일산서구 대화동 2601-0";"문화시설";"전시장"
132;"12";"김포아트빌리지";"경기 김포시 운양동 1325-10";"문화시설";"문화생활시설기타"
133;"13";"고양어울림누리";"경기 고양시 덕양구 성사동 777-0";"문화시설";"문화생활시설기타"
134;"14";"안산올림픽기념관";"경기 안산시 단원구 고잔동 604-0";"문화시설";"박물관/기념관"
135;"15";"헤세의정원";"경기 양주시 장흥면 울대리 420-2";"문화시설";"문화생활시설기타"
136;"16";"회암사지박물관";"경기 양주시 율정동 299-1";"문화시설";"박물관/기념관"
137;"17";"어메이징파크";"경기 포천시 신북면 금동리 606-0";"문화시설";"과학관"
138;"18";"전곡선사박물관";"경기 연천군 전곡읍 전곡리 176-1";"문화시설";"박물관/기념관"
139;"19";"양주시립장욱진미술관";"경기 양주시 장흥면 석현리 385-1";"문화시설";"미술관"
140;"20";"시흥ABC행복학습타운";"경기 시흥시 대야동 332-1";"문화시설";"문화생활시설기타"
141;"1";"연천호로고루";"경기 연천군 장남면 원당리 1257-1";"역사관광지";"문화유적지"
142;"2";"한국민속촌";"경기 용인시 기흥구 보라동 35-0";"역사관광지";"고택/생가/민속마을"
143;"3";"융릉과건릉";"경기 화성시 안녕동 187-1";"역사관광지";"능묘"
144;"4";"화성행궁";"경기 수원시 팔달구 남창동 6-2";"역사관광지";"문화유적지"
145;"5";"서오릉";"경기 고양시 덕양구 용두동 475-95";"역사관광지";"능묘"
146;"6";"다산정약용유적지";"경기 남양주시 조안면 능내리 85-2";"역사관광지";"문화유적지"
147;"7";"동구릉";"경기 구리시 인창동 66-0";"역사관광지";"능묘"
148;"8";"미리내성지";"경기 안성시 양성면 미산리 85-0";"역사관광지";"문화유적지"
149;"9";"세종대왕릉";"경기 여주시 능서면 왕대리 901-3";"역사관광지";"능묘"
150;"10";"궐리사";"경기 오산시 궐동 147-0";"역사관광지";"문화유적지"
151;"11";"장릉";"경기 김포시 풍무동 666-3";"역사관광지";"능묘"
152;"12";"남양성모성지";"경기 화성시 남양읍 남양리 1704-0";"역사관광지";"문화유적지"
153;"13";"독산성세마대지";"경기 오산시 지곶동 155-0";"역사관광지";"문화유적지"
154;"14";"과천향교";"경기 과천시 중앙동 81-0";"역사관광지";"문화유적지"
155;"15";"팔달문";"경기 수원시 팔달구 팔달로2가 138-0";"역사관광지";"문화유적지"
156;"16";"명성황후생가";"경기 여주시 능현동 250-3";"역사관광지";"고택/생가/민속마을"
157;"17";"다산정약용생가";"경기 남양주시 조안면 능내리 85-2";"역사관광지";"고택/생가/민속마을"
158;"18";"장안문";"경기 수원시 장안구 영화동 329-0";"역사관광지";"문화유적지"
159;"19";"시화공룡알화석지";"경기 화성시 송산면 고정리 산 5-0";"역사관광지";"문화유적지"
160;"20";"이천도자기마을";"경기 이천시 사음동 0-0";"역사관광지";"고택/생가/민속마을"
161;"1";"오이도빨강등대";"경기 시흥시 정왕동 2043-0";"자연관광지";"등대"
162;"2";"일산호수공원";"경기 고양시 일산동구 장항동 906-0";"자연관광지";"공원"
163;"3";"평화누리";"경기 파주시 문산읍 마정리 618-13";"자연관광지";"공원"
164;"4";"동탄호수공원";"경기 화성시 산척동 220-1";"자연관광지";"공원"
165;"5";"백운호수";"경기 의왕시 학의동 0-0";"자연관광지";"호수"
166;"6";"제부도";"경기 화성시 서신면 제부리 0-0";"자연관광지";"섬"
167;"7";"광명동굴";"경기 광명시 가학동 27-0";"자연관광지";"동굴"
168;"8";"백운계곡";"경기 포천시 이동면 도평리 35-0";"자연관광지";"폭포/계곡"
169;"9";"물왕호수";"경기 시흥시 물왕동 0-0";"자연관광지";"호수"
170;"10";"국립수목원";"경기 포천시 소흘읍 직동리 51-7";"자연관광지";"산림욕장"
171;"11";"산정호수";"경기 포천시 영북면 산정리 0-0";"자연관광지";"호수"
172;"12";"광교호수공원";"경기 수원시 영통구 하동 1023-0";"자연관광지";"공원"
173;"13";"시흥갯골생태공원";"경기 시흥시 장곡동 724-32";"자연관광지";"공원"
174;"14";"아침고요수목원";"경기 가평군 상면 행현리 623-3";"자연관광지";"산림욕장"
175;"15";"미사리경정공원";"경기 하남시 신장동 281-0";"자연관광지";"공원"
176;"16";"벽초지문화수목원";"경기 파주시 광탄면 창만리 166-8";"자연관광지";"산림욕장"
177;"17";"물의정원";"경기 남양주시 조안면 진중리 95-0";"자연관광지";"공원"
178;"18";"재인폭포";"경기 연천군 연천읍 부곡리 산 193-0";"자연관광지";"폭포/계곡"
179;"19";"율동공원";"경기 성남시 분당구 율동 318-0";"자연관광지";"공원"
180;"20";"배곧한울공원";"경기 시흥시 배곧동 307-0";"자연관광지";"공원"
181;"1";"에버랜드";"경기 용인시 처인구 포곡읍 전대리 310-0";"휴양관광지";"테마파크"
182;"2";"서울대공원";"경기 과천시 막계동 159-1";"휴양관광지";"테마파크"
183;"3";"서울랜드";"경기 과천시 막계동 33-0";"휴양관광지";"테마파크"
184;"4";"안성팜랜드";"경기 안성시 공도읍 신두리 451-0";"휴양관광지";"테마파크"
185;"5";"세미원";"경기 양평군 양서면 용담리 428-8";"휴양관광지";"동식물원"
186;"6";"웅진플레이도시";"경기 부천시 상동 572-1";"휴양관광지";"테마파크"
187;"7";"서울동물원";"경기 과천시 막계동 159-1";"휴양관광지";"동식물원"
188;"8";"아쿠아플라넷 일산";"경기 고양시 일산서구 대화동 2606-1";"휴양관광지";"수족관"
189;"9";"연꽃테마파크";"경기 시흥시 하중동 271-0";"휴양관광지";"테마파크"
190;"10";"두리랜드";"경기 양주시 장흥면 일영리 44-17";"휴양관광지";"테마파크"
191;"11";"아쿠아플라넷 광교";"경기 수원시 영통구 하동 868-0";"휴양관광지";"수족관"
192;"12";"하니랜드";"경기 파주시 조리읍 장곡리 420-6";"휴양관광지";"테마파크"
193;"13";"테르메덴";"경기 이천시 모가면 신갈리 360-0";"휴양관광지";"온천"
194;"14";"주렁주렁 하남점";"경기 하남시 신장동 612-0";"휴양관광지";"놀이시설"
195;"15";"산들소리수목원";"경기 남양주시 별내동 785-1";"휴양관광지";"동식물원"
196;"16";"하남나무고아원";"경기 하남시 미사동 607-0";"휴양관광지";"동식물원"
197;"17";"아인스월드";"경기 부천시 상동 529-2";"휴양관광지";"테마파크"
198;"18";"월문온천";"경기 화성시 팔탄면 월문리 235-14";"휴양관광지";"온천"
199;"19";"율암온천숯가마테마파크";"경기 화성시 팔탄면 율암리 842-8";"휴양관광지";"온천"
200;"20";"일영유원지";"경기 양주시 장흥면 삼상리 176-16";"휴양관광지";"유원지"
201;"1";"바람의언덕";"경남 거제시 남부면 갈곶리 산 14-47";"기타관광지";"촬영지"
202;"2";"독일마을";"경남 남해군 삼동면 봉화리 2571-0";"기타관광지";"관광명소기타"
203;"3";"한려수도조망케이블카";"경남 통영시 도남동 349-1";"기타관광지";"관광명소기타"
204;"4";"사천바다케이블카 대방정류장";"경남 사천시 대방동 706-0";"기타관광지";"관광명소기타"
205;"5";"동피랑벽화마을";"경남 통영시 동호동 118-1";"기타관광지";"관광명소기타"
206;"6";"남해보물섬전망대";"경남 남해군 삼동면 물건리 1048-3";"기타관광지";"전망대"
207;"7";"삼성궁";"경남 하동군 청암면 묵계리 1561-1";"기타관광지";"관광명소기타"
208;"8";"설리스카이워크";"경남 남해군 미조면 송정리 산 352-4";"기타관광지";"관광명소기타"
209;"9";"트윈터널";"경남 밀양시 삼랑진읍 미전리 1026-4";"기타관광지";"관광명소기타"
210;"10";"스타웨이하동";"경남 하동군 악양면 평사리 1163-1";"기타관광지";"전망대"
211;"11";"영남알프스얼음골케이블카";"경남 밀양시 산내면 삼양리 71-0";"기타관광지";"관광명소기타"
212;"12";"마산로봇랜드";"경남 창원시 마산합포구 구산면 반동리 산 121-1";"기타관광지";"관광명소기타"
213;"13";"디피랑";"경남 통영시 동호동 230-1";"기타관광지";"관광명소기타"
214;"14";"동의보감촌";"경남 산청군 금서면 특리 1300-28";"기타관광지";"관광명소기타"
215;"15";"진해루";"경남 창원시 진해구 경화동 1007-14";"기타관광지";"전망대"
216;"16";"수승대";"경남 거창군 위천면 황산리 890-0";"기타관광지";"관광명소기타"
217;"17";"김해낙동강레일파크";"경남 김해시 생림면 마사리 654-4";"기타관광지";"관광명소기타"
218;"18";"남해상상양떼목장 편백숲";"경남 남해군 설천면 문의리 산 187-1";"기타관광지";"관광명소기타"
219;"19";"신선대전망대";"경남 거제시 남부면 갈곶리 산 21-20";"기타관광지";"전망대"
220;"20";"근포마을동굴";"경남 거제시 남부면 저구리 450-0";"기타관광지";"관광명소기타"
221;"1";"고성공룡박물관";"경남 고성군 하이면 덕명리 85-2";"문화시설";"박물관/기념관"
222;"2";"토곡요";"경남 양산시 하북면 삼수리 114-1";"문화시설";"문화생활시설기타"
223;"3";"우포잠자리나라";"경남 창녕군 대합면 주매리 481-0";"문화시설";"박물관/기념관"
224;"4";"우포늪생태관";"경남 창녕군 유어면 세진리 232-1";"문화시설";"화랑/전시관"
225;"5";"창원컨벤션센터";"경남 창원시 성산구 대원동 123-0";"문화시설";"전시장"
226;"6";"항공우주박물관";"경남 사천시 사남면 유천리 806-0";"문화시설";"박물관/기념관"
227;"7";"합천댐물문화관";"경남 합천군 대병면 회양리 1603-1";"문화시설";"전시장"
228;"8";"의령곤충생태학습관";"경남 의령군 의령읍 정암리 400-1";"문화시설";"전시장"
229;"9";"조선해양문화관";"경남 거제시 일운면 소동리 478-6";"문화시설";"화랑/전시관"
230;"10";"클레이아크미술관";"경남 김해시 진례면 송정리 358-0";"문화시설";"미술관"
231;"11";"통영수산과학관";"경남 통영시 산양읍 미남리 682-1";"문화시설";"과학관"
232;"12";"국립김해박물관";"경남 김해시 구산동 232-0";"문화시설";"박물관/기념관"
233;"13";"박경리기념관";"경남 통영시 산양읍 신전리 1429-9";"문화시설";"박물관/기념관"
234;"14";"강구안거북선";"경남 통영시 항남동 0-0";"문화시설";"전시장"
235;"15";"거제목재문화체험장";"경남 거제시 동부면 구천리 산 103-0";"문화시설";"문화생활시설기타"
236;"16";"해금강테마박물관";"경남 거제시 남부면 갈곶리 262-5";"문화시설";"박물관/기념관"
237;"17";"와인갤러리";"경남 사천시 곤명면 신흥리 93-3";"문화시설";"전시장"
238;"18";"함안박물관";"경남 함안군 가야읍 도항리 581-1";"문화시설";"박물관/기념관"
239;"19";"사천첨단항공우주과학관";"경남 사천시 사남면 유천리 908-0";"문화시설";"과학관"
240;"20";"남강댐물문화관";"경남 진주시 내동면 삼계리 683-11";"문화시설";"전시장"
241;"1";"최참판댁";"경남 하동군 악양면 평사리 483-0";"역사관광지";"고택/생가/민속마을"
242;"2";"거제포로수용소유적공원";"경남 거제시 고현동 362-0";"역사관광지";"문화유적지"
243;"3";"영남루";"경남 밀양시 내일동 40-0";"역사관광지";"문화유적지"
244;"4";"남사예담촌";"경남 산청군 단성면 남사리 281-1";"역사관광지";"고택/생가/민속마을"
245;"5";"노무현대통령생가";"경남 김해시 진영읍 본산리 30-0";"역사관광지";"고택/생가/민속마을"
246;"6";"무진정";"경남 함안군 함안면 괴산리 547-0";"역사관광지";"문화유적지"
247;"7";"촉석루";"경남 진주시 남성동 212-9";"역사관광지";"문화유적지"
248;"8";"김영삼대통령생가";"경남 거제시 장목면 외포리 1383-3";"역사관광지";"고택/생가/민속마을"
249;"9";"김수로왕릉";"경남 김해시 서상동 312-0";"역사관광지";"능묘"
250;"10";"호암이병철선생생가";"경남 의령군 정곡면 중교리 723-0";"역사관광지";"고택/생가/민속마을"
251;"11";"송학동고분군";"경남 고성군 고성읍 송학리 470-0";"역사관광지";"문화유적지"
252;"12";"창원의집";"경남 창원시 의창구 사림동 69-0";"역사관광지";"문화유적지"
253;"13";"분산성";"경남 김해시 어방동 산 9-0";"역사관광지";"문화유적지"
254;"14";"충렬사";"경남 통영시 명정동 213-0";"역사관광지";"문화유적지"
255;"15";"영산만년교";"경남 창녕군 영산면 동리 455-0";"역사관광지";"문화유적지"
256;"16";"충혼탑";"경남 창원시 성산구 대원동 504-0";"역사관광지";"탑"
257;"17";"덕천서원";"경남 산청군 시천면 원리 219-3";"역사관광지";"문화유적지"
258;"18";"대방진굴항";"경남 사천시 대방동 251-0";"역사관광지";"문화유적지"
259;"19";"제승당";"경남 통영시 한산면 두억리 산 39-0";"역사관광지";"문화유적지"
260;"20";"세병관";"경남 통영시 문화동 62-0";"역사관광지";"문화유적지"
261;"1";"학동흑진주몽돌해변";"경남 거제시 동부면 학동리 295-1";"자연관광지";"해수욕장"
262;"2";"상주은모래비치";"경남 남해군 상주면 상주리 1136-1";"자연관광지";"해수욕장"
263;"3";"상림공원";"경남 함양군 함양읍 교산리 1069-4";"자연관광지";"공원"
264;"4";"이순신공원";"경남 통영시 정량동 683-0";"자연관광지";"공원"
265;"5";"구조라해수욕장";"경남 거제시 일운면 구조라리 0-0";"자연관광지";"해수욕장"
266;"6";"남일대해수욕장";"경남 사천시 향촌동 710-1";"자연관광지";"해수욕장"
267;"7";"얼음골";"경남 밀양시 산내면 삼양리 산 24-1";"자연관광지";"폭포/계곡"
268;"8";"장유대청계곡";"경남 김해시 대청동 0-0";"자연관광지";"폭포/계곡"
269;"9";"위양지";"경남 밀양시 부북면 위양리 294-0";"자연관광지";"저수지"
270;"10";"상족암군립공원";"경남 고성군 하이면 덕명리 0-0";"자연관광지";"국/도립공원"
271;"11";"연지공원";"경남 김해시 내동 106-1";"자연관광지";"공원"
272;"12";"법기수원지";"경남 양산시 동면 법기리 0-0";"자연관광지";"저수지"
273;"13";"망치몽돌해수욕장";"경남 거제시 일운면 망치리 120-2";"자연관광지";"해수욕장"
274;"14";"거제도";"경남 거제시 고현동 0-0";"자연관광지";"섬"
275;"15";"내원사계곡";"경남 양산시 하북면 용연리 291-0";"자연관광지";"폭포/계곡"
276;"16";"황산문화체육공원";"경남 양산시 물금읍 물금리 0-0";"자연관광지";"공원"
277;"17";"농소몽돌해수욕장";"경남 거제시 장목면 농소리 0-0";"자연관광지";"해수욕장"
278;"18";"진해해양공원";"경남 창원시 진해구 명동 656-0";"자연관광지";"공원"
279;"19";"경상남도수목원";"경남 진주시 이반성면 대천리 482-1";"자연관광지";"산림욕장"
280;"20";"밀양댐생태공원";"경남 밀양시 단장면 고례리 1727-1";"자연관광지";"공원"
281;"1";"거제정글돔";"경남 거제시 거제면 서정리 978-26";"휴양관광지";"동식물원"
282;"2";"합천영상테마파크";"경남 합천군 용주면 가호리 418-0";"휴양관광지";"테마파크"
283;"3";"김해롯데워터파크 본관";"경남 김해시 신문동 1417-0";"휴양관광지";"테마파크"
284;"4";"아라마루아쿠아리움";"경남 사천시 대방동 706-0";"휴양관광지";"수족관"
285;"5";"거제맹종죽테마파크";"경남 거제시 하청면 실전리 880-1";"휴양관광지";"동식물원"
286;"6";"섬이정원";"경남 남해군 남면 평산리 888-4";"휴양관광지";"동식물원"
287;"7";"거제씨월드";"경남 거제시 일운면 소동리 478-1";"휴양관광지";"수족관"
288;"8";"마금산원탕보양온천";"경남 창원시 의창구 북면 신촌리 406-4";"휴양관광지";"온천"
289;"9";"김해가야테마파크";"경남 김해시 어방동 986-0";"휴양관광지";"테마파크"
290;"10";"그레이스정원";"경남 고성군 상리면 동산리 797-1";"휴양관광지";"동식물원"
291;"11";"가야랜드";"경남 김해시 삼방동 1253-0";"휴양관광지";"테마파크"
292;"12";"기회송림유원지";"경남 밀양시 산외면 남기리 1073-23";"휴양관광지";"유원지"
293;"13";"대장경테마파크";"경남 합천군 가야면 야천리 943-0";"휴양관광지";"테마파크"
294;"14";"부곡하와이 (폐장)";"경남 창녕군 부곡면 거문리 195-7";"휴양관광지";"종합위락시설"
295;"15";"거창창포원";"경남 거창군 남상면 월평리 2286-0";"휴양관광지";"동식물원"
296;"16";"진양호동물원";"경남 진주시 판문동 산 171-1";"휴양관광지";"동식물원"
297;"17";"금시당유원지";"경남 밀양시 활성동 555-6";"휴양관광지";"유원지"
298;"18";"단장숲유원지";"경남 밀양시 단장면 단장리 906-0";"휴양관광지";"유원지"
299;"19";"부곡온천";"경남 창녕군 부곡면 거문리 1135-0";"휴양관광지";"온천"
300;"20";"백두산천지온천";"경남 거창군 가조면 일부리 1301-0";"휴양관광지";"온천"
301;"1";"보문관광단지";"경북 경주시 신평동 375-0";"기타관광지";"관광단지"
302;"2";"호미곶해맞이광장";"경북 포항시 남구 호미곶면 대보리 221-0";"기타관광지";"관광명소기타"
303;"3";"월영교";"경북 안동시 상아동 569-0";"기타관광지";"관광명소기타"
304;"4";"경주양남주상절리";"경북 경주시 양남면 읍천리 0-0";"기타관광지";"관광명소기타"
305;"5";"이가리닻전망대";"경북 포항시 북구 청하면 이가리 67-3";"기타관광지";"전망대"
306;"6";"등기산스카이워크";"경북 울진군 후포면 후포리 산 141-13";"기타관광지";"관광명소기타"
307;"7";"경주바람의언덕";"경북 경주시 문무대왕면 장항리 1128-6";"기타관광지";"관광명소기타"
308;"8";"화산산성전망대";"경북 군위군 삼국유사면 화북리 1271-73";"기타관광지";"전망대"
309;"9";"화랑의언덕";"경북 경주시 산내면 내일리 261-1";"기타관광지";"관광명소기타"
310;"10";"문경단산관광모노레일";"경북 문경시 문경읍 고요리 산 79-2";"기타관광지";"관광명소기타"
311;"11";"성밖숲";"경북 성주군 성주읍 경산리 446-1";"기타관광지";"관광명소기타"
312;"12";"경주동궁원";"경북 경주시 북군동 185-1";"기타관광지";"관광단지"
313;"13";"경주버드파크";"경북 경주시 북군동 185-1";"기타관광지";"관광단지"
314;"14";"울진왕피천케이블카";"경북 울진군 근남면 수산리 16-0";"기타관광지";"관광명소기타"
315;"15";"메타세콰이어숲";"경북 영덕군 영해면 벌영리 산 54-1";"기타관광지";"관광명소기타"
316;"16";"주상절리전망대";"경북 경주시 양남면 읍천리 405-7";"기타관광지";"전망대"
317;"17";"보현산천문대";"경북 영천시 화북면 정각리 73-13";"기타관광지";"관광명소기타"
318;"18";"회룡포";"경북 예천군 용궁면 대은리 0-0";"기타관광지";"관광명소기타"
319;"19";"문경오미자테마터널";"경북 문경시 마성면 신현리 103-1";"기타관광지";"관광명소기타"
320;"20";"부항댐출렁다리";"경북 김천시 부항면 신옥리 산 23-2";"기타관광지";"관광명소기타"
321;"1";"국립경주박물관";"경북 경주시 인왕동 76-0";"문화시설";"박물관/기념관"
322;"2";"경주세계문화엑스포";"경북 경주시 천군동 130-0";"문화시설";"전시장"
323;"3";"추억의달동네";"경북 경주시 하동 181-1";"문화시설";"박물관/기념관"
324;"4";"국립해양과학관";"경북 울진군 죽변면 후정리 53-30";"문화시설";"과학관"
325;"5";"경주세계자동차박물관";"경북 경주시 북군동 66-0";"문화시설";"박물관/기념관"
326;"6";"월성원자력홍보관";"경북 경주시 양남면 나아리 402-1";"문화시설";"전시장"
327;"7";"구미코";"경북 구미시 산동읍 봉산리 567-1";"문화시설";"전시장"
328;"8";"경주화백컨벤션센터";"경북 경주시 신평동 182-0";"문화시설";"전시장"
329;"9";"영덕신재생에너지전시관";"경북 영덕군 영덕읍 창포리 329-3";"문화시설";"화랑/전시관"
330;"10";"사방기념관";"경북 포항시 북구 흥해읍 오도리 66-0";"문화시설";"박물관/기념관"
331;"11";"의성조문국박물관";"경북 의성군 금성면 초전리 223-7";"문화시설";"박물관/기념관"
332;"12";"청도소싸움미디어체험관";"경북 청도군 화양읍 삼신리 1059-1";"문화시설";"화랑/전시관"
333;"13";"황룡사역사문화관";"경북 경주시 구황동 786-1";"문화시설";"박물관/기념관"
334;"14";"다부동전적기념관";"경북 칠곡군 가산면 다부리 292-0";"문화시설";"박물관/기념관"
335;"15";"키덜트뮤지엄";"경북 경주시 북군동 57-24";"문화시설";"박물관/기념관"
336;"16";"울진원자력홍보관";"경북 울진군 북면 부구리 1-0";"문화시설";"전시장"
337;"17";"장사상륙작전전승기념관";"경북 영덕군 남정면 장사리 703-2";"문화시설";"박물관/기념관"
338;"18";"문경석탄박물관";"경북 문경시 가은읍 왕능리 432-5";"문화시설";"박물관/기념관"
339;"19";"칠곡호국평화기념관";"경북 칠곡군 석적읍 중지리 산 33-0";"문화시설";"박물관/기념관"
340;"20";"상주자전거박물관";"경북 상주시 도남동 산 3-4";"문화시설";"박물관/기념관"
341;"1";"첨성대";"경북 경주시 황남동 118-4";"역사관광지";"문화유적지"
342;"2";"동궁과월지";"경북 경주시 인왕동 506-1";"역사관광지";"문화유적지"
343;"3";"대릉원";"경북 경주시 황남동 33-0";"역사관광지";"능묘"
344;"4";"문경새재";"경북 문경시 문경읍 상초리 288-1";"역사관광지";"문화유적지"
345;"5";"문무대왕릉";"경북 경주시 문무대왕면 봉길리 0-0";"역사관광지";"능묘"
346;"6";"안동하회마을";"경북 안동시 풍천면 하회리 844-3";"역사관광지";"고택/생가/민속마을"
347;"7";"석굴암";"경북 경주시 진현동 999-0";"역사관광지";"문화유적지"
348;"8";"갓바위";"경북 경산시 와촌면 대한리 산 44-0";"역사관광지";"문화유적지"
349;"9";"도산서원";"경북 안동시 도산면 토계리 680-0";"역사관광지";"문화유적지"
350;"10";"월정교";"경북 경주시 교동 0-0";"역사관광지";"문화유적지"
351;"11";"청도읍성";"경북 청도군 화양읍 동상리 0-0";"역사관광지";"문화유적지"
352;"12";"천마총";"경북 경주시 황남동 53-0";"역사관광지";"문화유적지"
353;"13";"소수서원";"경북 영주시 순흥면 내죽리 151-2";"역사관광지";"문화유적지"
354;"14";"병산서원";"경북 안동시 풍천면 병산리 31-0";"역사관광지";"문화유적지"
355;"15";"삼강주막";"경북 예천군 풍양면 삼강리 166-1";"역사관광지";"문화유적지"
356;"16";"만휴정";"경북 안동시 길안면 묵계리 1081-0";"역사관광지";"문화유적지"
357;"17";"박정희대통령생가";"경북 구미시 상모동 171-0";"역사관광지";"고택/생가/민속마을"
358;"18";"감은사지3층석탑";"경북 경주시 문무대왕면 용당리 55-1";"역사관광지";"탑"
359;"19";"낙동강12경(부용경) 부용대";"경북 안동시 풍천면 광덕리 16-2";"역사관광지";"문화유적지"
360;"20";"옥산서원";"경북 경주시 안강읍 옥산리 7-0";"역사관광지";"문화유적지"
361;"1";"영일대해수욕장";"경북 포항시 북구 두호동 0-0";"자연관광지";"해수욕장"
362;"2";"고래불해수욕장";"경북 영덕군 병곡면 병곡리 0-0";"자연관광지";"해수욕장"
363;"3";"영덕해맞이공원";"경북 영덕군 영덕읍 창포리 산 5-5";"자연관광지";"공원"
364;"4";"감포해수욕장";"경북 경주시 감포읍 전동리 0-0";"자연관광지";"해수욕장"
365;"5";"장사해수욕장";"경북 영덕군 남정면 장사리 0-0";"자연관광지";"해수욕장"
366;"6";"성류굴";"경북 울진군 근남면 구산리 0-0";"자연관광지";"동굴"
367;"7";"문경새재도립공원";"경북 문경시 문경읍 상초리 288-1";"자연관광지";"국/도립공원"
368;"8";"송대말등대";"경북 경주시 감포읍 오류리 583-3";"자연관광지";"등대"
369;"9";"금오산";"경북 구미시 남통동 0-0";"자연관광지";"명산"
370;"10";"나정고운모래해변";"경북 경주시 감포읍 나정리 0-0";"자연관광지";"해수욕장"
371;"11";"오류고아라해변";"경북 경주시 감포읍 오류리 0-0";"자연관광지";"해수욕장"
372;"12";"황성공원";"경북 경주시 황성동 산 1-1";"자연관광지";"공원"
373;"13";"주산지";"경북 청송군 주왕산면 주산지리 73-0";"자연관광지";"저수지"
374;"14";"옥계계곡";"경북 영덕군 달산면 옥계리 120-0";"자연관광지";"폭포/계곡"
375;"15";"주왕산국립공원";"경북 청송군 주왕산면 상의리 406-0";"자연관광지";"국/도립공원"
376;"16";"낙강물길공원";"경북 안동시 상아동 423-0";"자연관광지";"공원"
377;"17";"월포해수욕장";"경북 포항시 북구 청하면 월포리 0-0";"자연관광지";"해수욕장"
378;"18";"반곡지";"경북 경산시 남산면 반곡리 0-0";"자연관광지";"저수지"
379;"19";"동락공원";"경북 구미시 진평동 766-0";"자연관광지";"공원"
380;"20";"동산계곡";"경북 군위군 부계면 동산리 0-0";"자연관광지";"폭포/계곡"
381;"1";"경주월드";"경북 경주시 천군동 191-5";"휴양관광지";"테마파크"
382;"2";"캘리포니아비치 경주월드";"경북 경주시 천군동 191-5";"휴양관광지";"테마파크"
383;"3";"문경에코랄라";"경북 문경시 가은읍 왕능리 480-4";"휴양관광지";"테마파크"
384;"4";"삼국유사테마파크";"경북 군위군 의흥면 이지리 1653-0";"휴양관광지";"종합위락시설"
385;"5";"문경종합온천";"경북 문경시 문경읍 하리 394-0";"휴양관광지";"온천"
386;"6";"덕구온천";"경북 울진군 북면 덕구리 575-26";"휴양관광지";"온천"
387;"7";"블루원 워터파크";"경북 경주시 천군동 1686-0";"휴양관광지";"테마파크"
388;"8";"청도프로방스";"경북 청도군 화양읍 삼신리 893-1";"휴양관광지";"종합위락시설"
389;"9";"주렁주렁 경주보문점";"경북 경주시 천군동 157-3";"휴양관광지";"동식물원"
390;"10";"백암온천";"경북 울진군 온정면 소태리 980-1";"휴양관광지";"온천"
391;"11";"경천대국민관광지";"경북 상주시 사벌국면 삼덕리 산 12-3";"휴양관광지";"종합위락시설"
392;"12";"운문댐하류보유원지";"경북 청도군 운문면 방지리 1842-1";"휴양관광지";"유원지"
393;"13";"신촌유원지";"경북 고령군 쌍림면 신촌리 0-0";"휴양관광지";"유원지"
394;"14";"백악기월드";"경북 경주시 손곡동 74-0";"휴양관광지";"테마파크"
395;"15";"청도용암웰빙스파";"경북 청도군 화양읍 삼신리 929-0";"휴양관광지";"온천"
396;"16";"금오랜드";"경북 구미시 남통동 253-0";"휴양관광지";"테마파크"
397;"17";"포항온천";"경북 포항시 북구 장성동 1518-1";"휴양관광지";"온천"
398;"18";"울진아쿠아리움";"경북 울진군 근남면 수산리 15-0";"휴양관광지";"수족관"
399;"19";"칠곡도개온천";"경북 칠곡군 석적읍 도개리 949-1";"휴양관광지";"온천"
400;"20";"암행어사농원";"경북 경주시 천북면 화산리 434-1";"휴양관광지";"동식물원"
401;"1";"전망대";"광주 동구 산수동 1-1";"기타관광지";"전망대"
402;"2";"펭귄마을";"광주 남구 양림동 201-64";"기타관광지";"관광명소기타"
403;"3";"구시청사거리";"광주 동구 광산동 0-0";"기타관광지";"관광명소기타"
404;"4";"영산강6경(승촌보) 승촌보문화관";"광주 남구 승촌동 573-0";"기타관광지";"관광명소기타"
405;"5";"무등산리프트모노레일";"광주 동구 지산동 산 63-1";"기타관광지";"관광명소기타"
406;"6";"광주김치타운";"광주 남구 임암동 675-0";"기타관광지";"관광명소기타"
407;"7";"금호베어스타운";"광주 서구 쌍촌동 885-11";"기타관광지";"관광명소기타"
408;"8";"사직공원전망타워";"광주 남구 양림동 177-0";"기타관광지";"전망대"
409;"9";"광주기아챔피언스필드";"광주 북구 임동 316";"기타관광지";"운동장/체육관_야구장"
410;"10";"5.18민주광장";"광주 동구 금남로1가 1-1";"기타관광지";"관광명소기타"
411;"11";"서석대";"광주 동구 용연동 0-0";"기타관광지";"관광명소기타"
412;"12";"제석산구름다리";"광주 남구 진월동 산 94-1";"기타관광지";"관광명소기타"
413;"13";"광주힐링가든센터휴";"광주 남구 원산동 948-5";"기타관광지";"관광농원"
414;"14";"충효동왕버들군";"광주 북구 충효동 1021-0";"기타관광지";"관광명소기타"
415;"1";"김대중컨벤션센터";"광주 서구 치평동 1159-2";"문화시설";"전시장"
416;"2";"국립아시아문화전당";"광주 동구 광산동 13-0";"문화시설";"전시장"
417;"3";"국립광주과학관";"광주 북구 오룡동 1-6";"문화시설";"과학관"
418;"4";"광주비엔날레전시관";"광주 북구 용봉동 산 149-2";"문화시설";"화랑/전시관"
419;"5";"국립광주박물관";"광주 북구 매곡동 산 83-3";"문화시설";"박물관/기념관"
420;"6";"광주시립미술관";"광주 북구 운암동 164-0";"문화시설";"미술관"
421;"7";"518기념문화센터";"광주 서구 쌍촌동 1268-0";"문화시설";"박물관/기념관"
422;"8";"광주디자인진흥원";"광주 북구 오룡동 1110-7";"문화시설";"전시장"
423;"9";"유스퀘어문화관";"광주 서구 광천동 49-1";"문화시설";"문화생활시설기타"
424;"10";"5.18민주화운동기록관";"광주 동구 금남로3가 3-5";"문화시설";"전시장"
425;"11";"광주역사민속박물관";"광주 북구 용봉동 1004-4";"문화시설";"박물관/기념관"
426;"12";"국립아시아문화전당 하늘마당";"광주 동구 대의동 50-26";"문화시설";"문화생활시설기타"
427;"13";"광주학생독립운동기념관";"광주 서구 화정동 512-0";"문화시설";"박물관/기념관"
428;"14";"푸른마을공동체센터";"광주 동구 산수동 363-4";"문화시설";"문화생활시설기타"
429;"15";"남도향토음식박물관";"광주 북구 삼각동 779-2";"문화시설";"박물관/기념관"
430;"16";"광주테크노파크 가전로봇센터";"광주 북구 대촌동 958-3";"문화시설";"과학관"
431;"17";"광주북구문화센터";"광주 북구 양산동 343-5";"문화시설";"문화생활시설기타"
432;"18";"빛고을공예창작촌";"광주 남구 양과동 893-2";"문화시설";"문화생활시설기타"
433;"19";"문화공원";"광주 북구 문흥동 1009-1";"문화시설";"문화생활시설기타"
434;"20";"광주시립미술관 하정웅미술관";"광주 서구 농성동 311-1";"문화시설";"미술관"
435;"1";"포충사";"광주 남구 원산동 947-4";"역사관광지";"문화유적지"
436;"2";"광주향교";"광주 남구 구동 22-3";"역사관광지";"문화유적지"
437;"3";"만귀정";"광주 서구 세하동 274-1";"역사관광지";"문화유적지"
438;"4";"월봉서원";"광주 광산구 광산동 452-0";"역사관광지";"문화유적지"
439;"5";"병천사";"광주 서구 금호동 458-0";"역사관광지";"문화유적지"
440;"6";"장고분";"광주 광산구 월계동 765-5";"역사관광지";"능묘"
441;"7";"무양서원";"광주 광산구 월계동 535-1";"역사관광지";"문화유적지"
442;"8";"우일선선교사사택";"광주 남구 양림동 226-25";"역사관광지";"고택/생가/민속마을"
443;"9";"용아생가";"광주 광산구 소촌동 363-1";"역사관광지";"문화유적지"
444;"10";"서창전통한옥문화체험관";"광주 서구 세하동 559-1";"역사관광지";"고택/생가/민속마을"
445;"11";"풍암정";"광주 북구 금곡동 718-0";"역사관광지";"문화유적지"
446;"12";"양림동호랑가시나무";"광주 남구 양림동 226-25";"역사관광지";"문화유적지"
447;"13";"김용학가옥";"광주 북구 매곡동 306-0";"역사관광지";"문화유적지"
448;"14";"환벽당";"광주 북구 충효동 387-0";"역사관광지";"문화유적지"
449;"15";"장열사";"광주 북구 두암동 823-1";"역사관광지";"문화유적지"
450;"16";"김봉호가옥";"광주 광산구 하남동 71-0";"역사관광지";"문화유적지"
451;"17";"윤상원열사생가";"광주 광산구 신룡동 570-1";"역사관광지";"고택/생가/민속마을"
452;"18";"충민사";"광주 북구 화암동 산 133-0";"역사관광지";"문화유적지"
453;"19";"벽진서원";"광주 서구 풍암동 769-1";"역사관광지";"문화유적지"
454;"20";"전라남도도청회의실신축설계도";"광주 동구 광산동 13-0";"역사관광지";"문화유적지"
455;"1";"쌍암공원";"광주 광산구 쌍암동 653-1";"자연관광지";"공원"
456;"2";"광주호호수생태원";"광주 북구 충효동 442-4";"자연관광지";"공원"
457;"3";"운천저수지";"광주 서구 쌍촌동 0-0";"자연관광지";"저수지"
458;"4";"상무시민공원";"광주 서구 치평동 1162-0";"자연관광지";"공원"
459;"5";"어린이교통공원";"광주 북구 본촌동 1113-0";"자연관광지";"공원"
460;"6";"풍암호수공원";"광주 서구 풍암동 460-0";"자연관광지";"공원"
461;"7";"5.18기념공원";"광주 서구 쌍촌동 1268-0";"자연관광지";"공원"
462;"8";"광주공원";"광주 남구 구동 21-1";"자연관광지";"공원"
463;"9";"우치공원";"광주 북구 생용동 산 127-2";"자연관광지";"공원"
464;"10";"풍암저수지";"광주 서구 풍암동 460-0";"자연관광지";"저수지"
465;"11";"무등산";"광주 북구 금곡동 0-0";"자연관광지";"명산"
466;"12";"산동교친수공원";"광주 북구 동림동 0-0";"자연관광지";"공원"
467;"13";"황룡친수공원";"광주 광산구 선암동 241-21";"자연관광지";"공원"
468;"14";"빛고을농촌테마공원";"광주 남구 양과동 1234-6";"자연관광지";"공원"
469;"15";"중외공원";"광주 북구 운암동 164-0";"자연관광지";"공원"
470;"16";"광주시민의숲";"광주 북구 월출동 968-0";"자연관광지";"공원"
471;"17";"왕동저수지";"광주 광산구 왕동 0-0";"자연관광지";"저수지"
472;"18";"사직공원";"광주 남구 사동 177-0";"자연관광지";"공원"
473;"19";"수완호수공원";"광주 광산구 장덕동 0-0";"자연관광지";"공원"
474;"20";"제4수원지";"광주 북구 청풍동 0-0";"자연관광지";"호수"
475;"1";"광주패밀리랜드";"광주 북구 생용동 산 127-2";"휴양관광지";"테마파크"
476;"2";"우치공원 동물원";"광주 북구 생용동 658-0";"휴양관광지";"동식물원"
477;"3";"지산유원지";"광주 동구 지산동 산 63-1";"휴양관광지";"유원지"
478;"4";"송산유원지";"광주 광산구 송산동 195-0";"휴양관광지";"유원지"
479;"5";"광주어린이대공원";"광주 북구 운암동 164-0";"휴양관광지";"테마파크"
480;"6";"헬로애니멀 광주점";"광주 동구 충장로3가 24-0";"휴양관광지";"동식물원"
481;"7";"국제온천";"광주 북구 문흥동 734-4";"휴양관광지";"온천"
482;"8";"금호패밀리랜드";"광주 북구 생용동 107-1";"휴양관광지";"종합위락시설"
483;"9";"월산수족관";"광주 서구 마륵동 167-13";"휴양관광지";"수족관"
484;"10";"아쿠아아울렛 광주점";"광주 서구 매월동 750-4";"휴양관광지";"수족관"
485;"11";"남양식물원";"광주 북구 동림동 927-21";"휴양관광지";"동식물원"
486;"12";"슈퍼몽테마파크";"광주 광산구 장덕동 1302-0";"휴양관광지";"놀이시설"
487;"1";"팔공산케이블카";"대구 동구 용수동 산 72-0";"기타관광지";"관광명소기타"
488;"2";"사문진주막촌";"대구 달성군 화원읍 성산리 317-0";"기타관광지";"관광명소기타"
489;"3";"앞산케이블카";"대구 남구 봉덕동 산 152-1";"기타관광지";"관광명소기타"
490;"4";"달성보전망대";"대구 달성군 논공읍 하리 696-1";"기타관광지";"전망대"
491;"5";"83타워";"대구 달서구 두류동 산 302-11";"기타관광지";"전망대"
492;"6";"앞산해넘이전망대";"대구 남구 대명동 1501-2";"기타관광지";"전망대"
493;"7";"하중도유채꽃단지";"대구 북구 노곡동 0-0";"기타관광지";"관광명소기타"
494;"8";"청라언덕";"대구 중구 동산동 424-0";"기타관광지";"관광명소기타"
495;"9";"대구삼성라이온즈파크";"대구 수성구 연호동 648";"기타관광지";"운동장/체육관_야구장"
496;"10";"아양기찻길";"대구 동구 지저동 0-0";"기타관광지";"관광명소기타"
497;"11";"앞산전망대";"대구 남구 대명동 산 227-1";"기타관광지";"전망대"
498;"12";"두류야구장";"대구 달서구 두류동 581-2";"기타관광지";"운동장/체육관_야구장"
499;"13";"대구시민종합스포츠타운 사회인야구장";"대구 북구 고성동3가 2";"기타관광지";"운동장/체육관_야구장"
500;"14";"호텔 인터불고 대구카지노";"대구 수성구 만촌동 300-0";"기타관광지";"카지노"
501;"15";"방천구장";"대구 달성군 다사읍 방천리 18";"기타관광지";"운동장/체육관_야구장"
502;"16";"안심습지";"대구 동구 대림동 353-1";"기타관광지";"관광명소기타"
503;"17";"대구약령시한방의료체험타운";"대구 중구 종로2가 39-1";"기타관광지";"관광명소기타"
504;"18";"희성전자야구장";"대구 달서구 호산동 357-70";"기타관광지";"운동장/체육관_야구장"
505;"1";"EXCO 서관";"대구 북구 산격동 1676-0";"문화시설";"전시장"
506;"2";"디아크";"대구 달성군 다사읍 죽곡리 806-0";"문화시설";"전시장"
507;"3";"대구미술관";"대구 수성구 삼덕동 374-0";"문화시설";"미술관"
508;"4";"국립대구과학관";"대구 달성군 유가읍 상리 588-0";"문화시설";"과학관"
509;"5";"아양아트센터";"대구 동구 효목동 1084-0";"문화시설";"문화생활시설기타"
510;"6";"국립대구박물관";"대구 수성구 황금동 70-0";"문화시설";"박물관/기념관"
511;"7";"대구섬유박물관";"대구 동구 봉무동 1560-1";"문화시설";"박물관/기념관"
512;"8";"달성습지생태학습관";"대구 달성군 화원읍 구라리 862-0";"문화시설";"전시장"
513;"9";"EXCO 동관";"대구 북구 산격동 1702-0";"문화시설";"전시장"
514;"10";"신전뮤지엄";"대구 북구 관음동 1369-1";"문화시설";"박물관/기념관"
515;"11";"대구교육박물관";"대구 북구 산격동 1285-0";"문화시설";"박물관/기념관"
516;"12";"대구예술발전소";"대구 중구 수창동 58-2";"문화시설";"전시장"
517;"13";"국립대구기상과학관";"대구 동구 효목동 1264-4";"문화시설";"과학관"
518;"14";"대구방짜유기박물관";"대구 동구 도학동 399-0";"문화시설";"박물관/기념관"
519;"15";"동제미술전시관";"대구 달성군 가창면 오리 631-0";"문화시설";"미술관"
520;"16";"EXCO 신관";"대구 북구 산격동 1676-0";"문화시설";"전시장"
521;"17";"대구MBC특별전시장엠가";"대구 수성구 범어동 1-0";"문화시설";"전시장"
522;"18";"향촌문화관";"대구 중구 향촌동 9-1";"문화시설";"문화생활시설기타"
523;"19";"2.28민주운동기념회관";"대구 중구 남산동 2113-10";"문화시설";"박물관/기념관"
524;"20";"수창청춘맨숀";"대구 중구 수창동 64-0";"문화시설";"화랑/전시관"
525;"1";"달성하목정";"대구 달성군 하빈면 하산리 1043-1";"역사관광지";"문화유적지"
526;"2";"도동서원";"대구 달성군 구지면 도동리 35-0";"역사관광지";"문화유적지"
527;"3";"대구향교";"대구 중구 남산동 735-4";"역사관광지";"문화유적지"
528;"4";"남평문씨본리세거지";"대구 달성군 화원읍 본리리 401-2";"역사관광지";"문화유적지"
529;"5";"대구불로동고분군";"대구 동구 불로동 335-0";"역사관광지";"문화유적지"
530;"6";"육신사";"대구 달성군 하빈면 묘리 638-0";"역사관광지";"문화유적지"
531;"7";"신숭겸장군유적지";"대구 동구 지묘동 526-0";"역사관광지";"문화유적지"
532;"8";"대구도동측백나무숲";"대구 동구 도동 산 180-0";"역사관광지";"문화유적지"
533;"9";"충혼탑";"대구 남구 대명동 산 187-14";"역사관광지";"탑"
534;"10";"노태우대통령생가";"대구 동구 신용동 596-0";"역사관광지";"고택/생가/민속마을"
535;"11";"구암서원숭현사";"대구 북구 산격동 산 79-1";"역사관광지";"문화유적지"
536;"12";"녹동서원";"대구 달성군 가창면 우록리 585-0";"역사관광지";"문화유적지"
537;"13";"북지장사대웅전";"대구 동구 도학동 620-0";"역사관광지";"문화유적지"
538;"14";"칠곡향교";"대구 북구 읍내동 600-0";"역사관광지";"문화유적지"
539;"15";"동화사대웅전";"대구 동구 도학동 35-0";"역사관광지";"문화유적지"
540;"16";"동화사입구마애불좌상";"대구 동구 도학동 산 124-0";"역사관광지";"문화유적지"
541;"17";"현풍석빙고";"대구 달성군 현풍읍 상리 632-0";"역사관광지";"문화유적지"
542;"18";"이노정";"대구 달성군 구지면 내리 443-0";"역사관광지";"문화유적지"
543;"19";"봉산서원";"대구 수성구 상동 340-1";"역사관광지";"문화유적지"
544;"20";"모명재";"대구 수성구 만촌동 716-0";"역사관광지";"문화유적지"
545;"1";"수성못";"대구 수성구 두산동 0-0";"자연관광지";"호수"
546;"2";"옥연지송해공원";"대구 달성군 옥포읍 기세리 775-0";"자연관광지";"공원"
547;"3";"대구수목원";"대구 달서구 대곡동 284-0";"자연관광지";"산림욕장"
548;"4";"두류공원";"대구 달서구 성당동 154-0";"자연관광지";"공원"
549;"5";"월광수변공원";"대구 달서구 도원동 952-0";"자연관광지";"공원"
550;"6";"228기념중앙공원";"대구 중구 공평동 15-0";"자연관광지";"공원"
551;"7";"달성공원";"대구 중구 달성동 294-1";"자연관광지";"공원"
552;"8";"봉무공원";"대구 동구 봉무동 산 135-2";"자연관광지";"공원"
553;"9";"공룡공원";"대구 남구 봉덕동 산 33-11";"자연관광지";"공원"
554;"10";"비슬산자연휴양림";"대구 달성군 유가읍 용리 산 10-0";"자연관광지";"자연휴양림"
555;"11";"망우공원";"대구 동구 효목동 산 234-34";"자연관광지";"공원"
556;"12";"경상감영공원";"대구 중구 포정동 21-0";"자연관광지";"공원"
557;"13";"운암지수변공원";"대구 북구 구암동 349-0";"자연관광지";"공원"
558;"14";"수성패밀리파크";"대구 수성구 고모동 20-1";"자연관광지";"공원"
559;"15";"화원자연휴양림";"대구 달성군 화원읍 본리리 산 129-0";"자연관광지";"자연휴양림"
560;"16";"점새늪연꽃생태공원";"대구 동구 대림동 0-0";"자연관광지";"공원"
561;"17";"수태골";"대구 동구 용수동 0-0";"자연관광지";"폭포/계곡"
562;"18";"운암지";"대구 북구 구암동 349-0";"자연관광지";"저수지"
563;"19";"성서체육공원";"대구 달서구 월암동 1-18";"자연관광지";"공원"
564;"20";"동대구역광장";"대구 동구 신암동 294-0";"자연관광지";"공원"
565;"1";"이월드";"대구 달서구 두류동 산 302-11";"휴양관광지";"테마파크"
566;"2";"동촌유원지";"대구 동구 효목동 산 234-28";"휴양관광지";"유원지"
567;"3";"화원유원지";"대구 달성군 화원읍 성산리 310-0";"휴양관광지";"유원지"
568;"4";"수성유원지";"대구 수성구 두산동 512-0";"휴양관광지";"유원지"
569;"5";"리조트스파밸리 네이처파크";"대구 달성군 가창면 냉천리 27-9";"휴양관광지";"동식물원"
570;"6";"스파크랜드";"대구 중구 공평동 58-6";"휴양관광지";"테마파크"
571;"7";"스파밸리 휴업중";"대구 달성군 가창면 냉천리 27-9";"휴양관광지";"온천"
572;"8";"대구아쿠아리움";"대구 동구 신천동 1506-0";"휴양관광지";"수족관"
573;"9";"아르떼수성랜드";"대구 수성구 상동 463-2";"휴양관광지";"테마파크"
574;"10";"대구시민안전테마파크";"대구 동구 용수동 89-0";"휴양관광지";"테마파크"
575;"11";"미성온천";"대구 달서구 대천동 441-1";"휴양관광지";"온천"
576;"12";"수목원생활온천";"대구 달서구 진천동 446-0";"휴양관광지";"온천"
577;"13";"아이니테마파크";"대구 수성구 대흥동 504-0";"휴양관광지";"테마파크"
578;"14";"스파밸리";"대구 달성군 가창면 냉천리 27-9";"휴양관광지";"온천"
579;"15";"동촌유원지 오리배선착장";"대구 동구 검사동 984-9";"휴양관광지";"유원지"
580;"16";"팔공산심천랜드";"대구 동구 송정동 820-0";"휴양관광지";"온천"
581;"17";"서변온천";"대구 북구 서변동 1786-0";"휴양관광지";"온천"
582;"18";"강정유원지";"대구 달성군 다사읍 죽곡리 806-0";"휴양관광지";"유원지"
583;"19";"금성수족관";"대구 서구 평리동 718-6";"휴양관광지";"수족관"
584;"20";"네온아쿠아";"대구 달서구 월암동 1-143";"휴양관광지";"수족관"
585;"1";"해돋이전망대";"대전 동구 세천동 산 43-5";"기타관광지";"전망대"
586;"2";"대전역동광장";"대전 동구 소제동 291-6";"기타관광지";"관광명소기타"
587;"3";"스튜디오큐브";"대전 유성구 도룡동 3-1";"기타관광지";"촬영지"
588;"4";"보문산전망대";"대전 중구 대사동 산 3-45";"기타관광지";"전망대"
589;"5";"국립대전숲체원";"대전 유성구 성북동 산 1-13";"기타관광지";"관광단지"
590;"6";"엑스포다리";"대전 유성구 도룡동 0-0";"기타관광지";"관광명소기타"
591;"7";"티놀자애니멀파크";"대전 유성구 화암동 195-0";"기타관광지";"관광명소기타"
592;"8";"대전목재문화체험장";"대전 중구 대사동 190-1";"기타관광지";"관광명소기타"
593;"9";"마산동쉼터";"대전 동구 마산동 551-4";"기타관광지";"관광명소기타"
594;"10";"대전시민천문대";"대전 유성구 신성동 7-13";"기타관광지";"관광명소기타"
595;"11";"장태산자연휴양림 출렁다리";"대전 서구 장안동 산 0-0";"기타관광지";"관광명소기타"
596;"12";"대전어린이천문대";"대전 유성구 갑동 395-1";"기타관광지";"관광명소기타"
597;"13";"봉명동우산거리";"대전 유성구 봉명동 625-0";"기타관광지";"관광명소기타"
598;"14";"슬픈연가촬영지";"대전 동구 추동 680-0";"기타관광지";"촬영지"
599;"15";"대전역서광장";"대전 동구 정동 0-0";"기타관광지";"관광명소기타"
600;"16";"보문산케이블카";"대전 중구 대사동 201-6";"기타관광지";"관광명소기타"
601;"17";"대전치유의숲";"대전 중구 무수동 산 2-2";"기타관광지";"관광명소기타"
602;"18";"청년의광장";"대전 중구 문화동 0-0";"기타관광지";"관광명소기타"
603;"19";"한화생명이글스파크";"대전 중구 부사동 209-1";"기타관광지";"운동장/체육관_야구장"
604;"20";"국립대전현충원현충문";"대전 유성구 갑동 3-0";"기타관광지";"관광명소기타"
605;"1";"대전컨벤션센터";"대전 유성구 도룡동 4-19";"문화시설";"전시장"
606;"2";"국립중앙과학관";"대전 유성구 구성동 32-2";"문화시설";"과학관"
607;"3";"대전시립미술관";"대전 서구 만년동 396-0";"문화시설";"미술관"
608;"4";"대청댐물문화관";"대전 대덕구 미호동 1-5";"문화시설";"전시장"
609;"5";"옛터민속박물관";"대전 동구 하소동 361-0";"문화시설";"박물관/기념관"
610;"6";"유성문화원";"대전 유성구 궁동 469-1";"문화시설";"문화원"
611;"7";"대전시립박물관";"대전 유성구 상대동 488-0";"문화시설";"박물관/기념관"
612;"8";"대전예술가의집";"대전 중구 문화동 1-27";"문화시설";"문화생활시설기타"
613;"9";"대전근현대사전시관";"대전 중구 선화동 287-2";"문화시설";"전시장"
614;"10";"대전전통나래관";"대전 동구 소제동 299-34";"문화시설";"문화생활시설기타"
615;"11";"이응노미술관";"대전 서구 만년동 396-0";"문화시설";"미술관"
616;"12";"대전서구문화원";"대전 서구 탄방동 667-0";"문화시설";"문화원"
617;"13";"대전학생교육문화원";"대전 중구 목동 126-0";"문화시설";"문화원"
618;"14";"대전곤충생태관";"대전 서구 만년동 396-0";"문화시설";"박물관/기념관"
619;"15";"화폐박물관";"대전 유성구 가정동 35-0";"문화시설";"박물관/기념관"
620;"16";"대전중구문화원";"대전 중구 대흥동 448-0";"문화시설";"문화원"
621;"17";"대전국제전시컨벤션센터 건축중(2022년4월준공예정)";"대전 유성구 도룡동 3-8";"문화시설";"전시장"
622;"18";"천연기념물센터";"대전 서구 만년동 396-1";"문화시설";"박물관/기념관"
623;"19";"지질박물관";"대전 유성구 가정동 30-0";"문화시설";"박물관/기념관"
624;"20";"대청호자연생태관";"대전 동구 추동 454-3";"문화시설";"박물관/기념관"
625;"1";"둔산선사유적지";"대전 서구 월평동 281-0";"역사관광지";"문화유적지"
626;"2";"충청남도청 구청사";"대전 중구 선화동 287-0";"역사관광지";"문화유적지"
627;"3";"엑스포한빛탑";"대전 유성구 도룡동 3-1";"역사관광지";"탑"
628;"4";"도산서원";"대전 서구 탄방동 220-1";"역사관광지";"문화유적지"
629;"5";"테미오래";"대전 중구 대흥동 326-67";"역사관광지";"문화유적지"
630;"6";"수운교도솔천";"대전 유성구 추목동 403-1";"역사관광지";"문화유적지"
631;"7";"진잠향교";"대전 유성구 교촌동 630-1";"역사관광지";"문화유적지"
632;"8";"단재신채호선생생가지";"대전 중구 어남동 233-0";"역사관광지";"문화유적지"
633;"9";"회덕동춘당";"대전 대덕구 송촌동 192-0";"역사관광지";"고택/생가/민속마을"
634;"10";"괴곡동느티나무";"대전 서구 괴곡동 985-0";"역사관광지";"문화유적지"
635;"11";"수정재";"대전 서구 변동 250-0";"역사관광지";"문화유적지"
636;"12";"회덕향교";"대전 대덕구 읍내동 134-0";"역사관광지";"문화유적지"
637;"13";"오정동선교사촌";"대전 대덕구 오정동 133-23";"역사관광지";"문화유적지"
638;"14";"유회당";"대전 중구 무수동 95-0";"역사관광지";"문화유적지"
639;"1";"장태산자연휴양림";"대전 서구 장안동 259-0";"자연관광지";"자연휴양림"
640;"2";"한밭수목원";"대전 서구 만년동 396-0";"자연관광지";"산림욕장"
641;"3";"만인산자연휴양림";"대전 동구 하소동 460-2";"자연관광지";"자연휴양림"
642;"4";"우리들공원";"대전 중구 대흥동 215-0";"자연관광지";"공원"
643;"5";"엑스포과학공원";"대전 유성구 도룡동 3-1";"자연관광지";"공원"
644;"6";"뿌리공원";"대전 중구 침산동 산 34-0";"자연관광지";"공원"
645;"7";"엑스포시민광장";"대전 서구 만년동 396-0";"자연관광지";"공원"
646;"8";"대청공원";"대전 대덕구 미호동 0-0";"자연관광지";"공원"
647;"9";"식장산";"대전 동구 대성동 0-0";"자연관광지";"명산"
648;"10";"상소동산림욕장";"대전 동구 상소동 산 1-1";"자연관광지";"산림욕장"
649;"11";"장동산림욕장";"대전 대덕구 장동 산 59-0";"자연관광지";"산림욕장"
650;"12";"대청호";"대전 대덕구 미호동 0-0";"자연관광지";"호수"
651;"13";"방동저수지";"대전 유성구 원내동 0-0";"자연관광지";"저수지"
652;"14";"남선공원";"대전 서구 탄방동 1084-0";"자연관광지";"공원"
653;"15";"동춘당공원";"대전 대덕구 송촌동 463-0";"자연관광지";"공원"
654;"16";"대동하늘공원";"대전 동구 대동 0-0";"자연관광지";"공원"
655;"17";"마치광장";"대전 서구 관저동 0-0";"자연관광지";"공원"
656;"18";"길치근린공원";"대전 대덕구 비래동 산 28-6";"자연관광지";"공원"
657;"19";"유림공원";"대전 유성구 봉명동 496-39";"자연관광지";"공원"
658;"20";"대청호자연수변공원";"대전 동구 추동 0-0";"자연관광지";"공원"
659;"1";"대전신세계Art&Science";"대전 유성구 도룡동 3-1";"휴양관광지";"종합위락시설"
660;"2";"대전오월드";"대전 중구 사정동 100-0";"휴양관광지";"테마파크"
661;"3";"대전아쿠아리움";"대전 중구 대사동 198-14";"휴양관광지";"수족관"
662;"4";"세천유원지";"대전 동구 세천동 362-0";"휴양관광지";"유원지"
663;"5";"한밭수목원 열대식물원";"대전 서구 만년동 396-0";"휴양관광지";"동식물원"
664;"6";"상보안유원지";"대전 서구 흑석동 738-0";"휴양관광지";"유원지"
665;"7";"흑석유원지";"대전 서구 흑석동 433-7";"휴양관광지";"유원지"
666;"8";"대전오월드 버드랜드";"대전 중구 사정동 100-0";"휴양관광지";"동식물원"
667;"9";"대전엑스포아쿠아리움";"대전 유성구 도룡동 3-1";"휴양관광지";"수족관"
668;"10";"장평보유원지";"대전 서구 흑석동 749-0";"휴양관광지";"유원지"
669;"11";"서울온천모텔";"대전 유성구 장대동 286-29";"휴양관광지";"온천"
670;"12";"사정골식물원";"대전 중구 사정동 1-14";"휴양관광지";"동식물원"
671;"13";"수통골유원지";"대전 유성구 계산동 산 1-0";"휴양관광지";"유원지"
672;"14";"명품수족관";"대전 유성구 하기동 524-1";"휴양관광지";"수족관"
673;"15";"낙원식물원";"대전 유성구 노은동 113-1";"휴양관광지";"동식물원"
674;"1";"기장해녀촌";"부산 기장군 기장읍 연화리 119-10";"기타관광지";"관광명소기타"
675;"2";"송도해상케이블카";"부산 서구 암남동 765-0";"기타관광지";"관광명소기타"
676;"3";"황령산전망대";"부산 남구 대연동 243-33";"기타관광지";"전망대"
677;"4";"해운대블루라인파크 미포정거장";"부산 해운대구 중동 1019-2";"기타관광지";"관광명소기타"
678;"5";"흰여울문화마을";"부산 영도구 영선동4가 0-0";"기타관광지";"관광명소기타"
679;"6";"죽성드림세트장";"부산 기장군 기장읍 죽성리 0-0";"기타관광지";"촬영지"
680;"7";"감천문화마을";"부산 사하구 감천동 1-14";"기타관광지";"관광명소기타"
681;"8";"황령산봉수대";"부산 부산진구 전포동 산 50-1";"기타관광지";"관광명소기타"
682;"9";"오륙도스카이워크";"부산 남구 용호동 산 197-4";"기타관광지";"전망대"
683;"10";"태종대전망대";"부산 영도구 동삼동 산 29-1";"기타관광지";"전망대"
684;"11";"낙동강1경(을숙도생태공원) 을숙도문화관";"부산 사하구 하단동 1151-14";"기타관광지";"관광명소기타"
685;"12";"해운대블루라인파크 송정정거장";"부산 해운대구 송정동 299-2";"기타관광지";"관광명소기타"
686;"13";"태종대자갈마당";"부산 영도구 동삼동 0-0";"기타관광지";"관광명소기타"
687;"14";"청사포다릿돌전망대";"부산 해운대구 중동 0-0";"기타관광지";"전망대"
688;"15";"해운대블루라인파크 청사포정거장";"부산 해운대구 중동 555-2";"기타관광지";"관광명소기타"
689;"16";"송도용궁구름다리";"부산 서구 암남동 산 193-0";"기타관광지";"관광명소기타"
690;"17";"부산엑스더스카이";"부산 해운대구 중동 1829-0";"기타관광지";"전망대"
691;"18";"청학배수지전망대";"부산 영도구 청학동 475-4";"기타관광지";"전망대"
692;"19";"만덕고개누리길전망테크";"부산 동래구 온천동 산 153-8";"기타관광지";"전망대"
693;"20";"낙동강하구에코센터";"부산 사하구 하단동 1207-2";"기타관광지";"관광명소기타"
694;"1";"BEXCO";"부산 해운대구 우동 1500-0";"문화시설";"전시장"
695;"2";"더베이101";"부산 해운대구 우동 747-7";"문화시설";"문화생활시설기타"
696;"3";"벡스코 제2전시장";"부산 해운대구 우동 1413-4";"문화시설";"전시장"
697;"4";"국립해양박물관";"부산 영도구 동삼동 1156-0";"문화시설";"박물관/기념관"
698;"5";"국립부산과학관";"부산 기장군 기장읍 석산리 산 18-0";"문화시설";"과학관"
699;"6";"해운대구문화복합센터";"부산 해운대구 재송동 1192-0";"문화시설";"문화생활시설기타"
700;"7";"뮤지엄다";"부산 해운대구 우동 1468-1";"문화시설";"미술관"
701;"8";"고리원자력홍보관";"부산 기장군 장안읍 길천리 80-0";"문화시설";"박물관/기념관"
702;"9";"부산현대미술관";"부산 사하구 하단동 1149-37";"문화시설";"미술관"
703;"10";"F1963";"부산 수영구 망미동 475-6";"문화시설";"문화생활시설기타"
704;"11";"부산시립미술관";"부산 해운대구 우동 1413-0";"문화시설";"미술관"
705;"12";"국립수산과학관";"부산 기장군 기장읍 시랑리 408-1";"문화시설";"과학관"
706;"13";"KT&G상상마당 부산";"부산 부산진구 부전동 521-1";"문화시설";"문화생활시설기타"
707;"14";"부산박물관";"부산 남구 대연동 948-1";"문화시설";"박물관/기념관"
708;"15";"복천박물관";"부산 동래구 복천동 12-0";"문화시설";"박물관/기념관"
709;"16";"부산항국제전시컨벤션센터";"부산 동구 초량동 45-39";"문화시설";"전시장"
710;"17";"가톨릭센터";"부산 중구 대청동4가 81-1";"문화시설";"문화생활시설기타"
711;"18";"피아크";"부산 영도구 동삼동 201-6";"문화시설";"문화생활시설기타"
712;"19";"부산해양자연사박물관";"부산 동래구 온천동 산 13-1";"문화시설";"박물관/기념관"
713;"20";"부산예술회관";"부산 남구 대연동 603-7";"문화시설";"문화생활시설기타"
714;"1";"태종대";"부산 영도구 동삼동 산 19-2";"역사관광지";"문화유적지"
715;"2";"충렬사";"부산 동래구 안락동 838-0";"역사관광지";"문화유적지"
716;"3";"부산송정역 폐역";"부산 해운대구 송정동 299-2";"역사관광지";"문화유적지"
717;"4";"금정산성 동문";"부산 금정구 장전동 0-0";"역사관광지";"문화유적지"
718;"5";"오랑대";"부산 기장군 기장읍 연화리 0-0";"역사관광지";"문화유적지"
719;"6";"정묘사";"부산 부산진구 양정동 0-0";"역사관광지";"고택/생가/민속마을"
720;"7";"정란각";"부산 동구 수정동 1010-0";"역사관광지";"문화유적지"
721;"8";"신선대";"부산 남구 용당동 산 170-0";"역사관광지";"문화유적지"
722;"9";"기장향교";"부산 기장군 기장읍 교리 59-0";"역사관광지";"문화유적지"
723;"10";"동래향교";"부산 동래구 명륜동 235-0";"역사관광지";"문화유적지"
724;"11";"송상현동상";"부산 부산진구 양정동 0-0";"역사관광지";"기념비"
725;"12";"장대골순교성지";"부산 수영구 광안동 546-4";"역사관광지";"문화유적지"
726;"13";"해운대동백섬";"부산 해운대구 우동 783-1";"역사관광지";"문화유적지"
727;"14";"동래읍성지";"부산 동래구 명륜동 0-0";"역사관광지";"문화유적지"
728;"15";"부산복천동고분군";"부산 동래구 복천동 50-0";"역사관광지";"능묘"
729;"1";"송정해수욕장";"부산 해운대구 송정동 712-1";"자연관광지";"해수욕장"
730;"2";"광안리해수욕장";"부산 수영구 광안동 192-20";"자연관광지";"해수욕장"
731;"3";"해운대해수욕장";"부산 해운대구 우동 620-3";"자연관광지";"해수욕장"
732;"4";"다대포해수욕장";"부산 사하구 다대동 482-3";"자연관광지";"해수욕장"
733;"5";"송도해수욕장";"부산 서구 암남동 0-0";"자연관광지";"해수욕장"
734;"6";"일광해수욕장";"부산 기장군 일광면 삼성리 0-0";"자연관광지";"해수욕장"
735;"7";"부산시민공원";"부산 부산진구 범전동 200-0";"자연관광지";"공원"
736;"8";"다대포해변공원";"부산 사하구 다대동 0-0";"자연관광지";"공원"
737;"9";"임랑해수욕장";"부산 기장군 장안읍 임랑리 0-0";"자연관광지";"해수욕장"
738;"10";"삼락생태공원";"부산 사상구 삼락동 0-0";"자연관광지";"공원"
739;"11";"스포원파크";"부산 금정구 두구동 1641-0";"자연관광지";"공원"
740;"12";"이기대수변공원";"부산 남구 용호동 1-0";"자연관광지";"공원"
741;"13";"암남공원";"부산 서구 암남동 산 193-0";"자연관광지";"공원"
742;"14";"백운포체육공원";"부산 남구 용호동 895-3";"자연관광지";"공원"
743;"15";"강서체육공원";"부산 강서구 대저1동 2155-0";"자연관광지";"공원"
744;"16";"청사포방파제";"부산 해운대구 중동 0-0";"자연관광지";"방파제"
745;"17";"동백섬";"부산 해운대구 우동 710-1";"자연관광지";"섬"
746;"18";"화명생태공원";"부산 북구 화명동 1718-17";"자연관광지";"공원"
747;"19";"대저생태공원";"부산 강서구 대저1동 0-0";"자연관광지";"공원"
748;"20";"민락수변공원";"부산 수영구 민락동 0-0";"자연관광지";"공원"
749;"1";"부산어린이대공원";"부산 부산진구 초읍동 43-0";"휴양관광지";"테마파크"
750;"2";"SEA LIFE 부산아쿠아리움";"부산 해운대구 중동 1411-4";"휴양관광지";"수족관"
751;"3";"아홉산숲";"부산 기장군 철마면 웅천리 26-0";"휴양관광지";"동식물원"
752;"4";"아난티코브";"부산 기장군 기장읍 시랑리 704-1";"휴양관광지";"종합위락시설"
753;"5";"해운대수목원";"부산 해운대구 석대동 26-0";"휴양관광지";"동식물원"
754;"6";"허심청";"부산 동래구 온천동 137-0";"휴양관광지";"온천"
755;"7";"캐니언파크 부산";"부산 남구 문현동 1227-2";"휴양관광지";"동식물원"
756;"8";"부산 칠드런스 뮤지엄";"부산 기장군 기장읍 시랑리 717-0";"휴양관광지";"테마파크"
757;"9";"해운대블루라인파크";"부산 해운대구 중동 948-1";"휴양관광지";"테마파크"
758;"10";"카덴96";"부산 기장군 일광면 화전리 9-6";"휴양관광지";"온천"
759;"11";"히어로테마파크 정관점";"부산 기장군 정관읍 매학리 717-6";"휴양관광지";"테마파크"
760;"12";"정관온천";"부산 기장군 정관읍 매학리 715-1";"휴양관광지";"온천"
761;"13";"금강식물원";"부산 동래구 온천동 산 1-7";"휴양관광지";"동식물원"
762;"14";"성지곡수원지";"부산 부산진구 초읍동 43-0";"휴양관광지";"유원지"
763;"15";"키자니아 부산점";"부산 해운대구 우동 1493-0";"휴양관광지";"놀이시설"
764;"16";"뽀로로파크 부산W스퀘어점";"부산 남구 용호동 954-0";"휴양관광지";"놀이시설"
765;"17";"해운대온천센터";"부산 해운대구 중동 1378-18";"휴양관광지";"온천"
766;"18";"런닝맨 부산점";"부산 부산진구 부전동 227-2";"휴양관광지";"테마파크"
767;"19";"금정산부곡온천";"부산 금정구 부곡동 63-1";"휴양관광지";"온천"
768;"20";"센텀시티스파랜드";"부산 해운대구 우동 1495-0";"휴양관광지";"온천"
769;"1";"남산서울타워";"서울 용산구 용산동2가 산 1-3";"기타관광지";"전망대"
770;"2";"팔각정북악스카이";"서울 종로구 평창동 산 6-18";"기타관광지";"전망대"
771;"3";"서래마을";"서울 서초구 반포동 0-0";"기타관광지";"관광명소기타"
772;"4";"서울스카이";"서울 송파구 신천동 29-0";"기타관광지";"전망대"
773;"5";"불암산나비정원";"서울 노원구 중계동 산 42-3";"기타관광지";"관광명소기타"
774;"6";"세븐럭 코엑스센터점";"서울 강남구 삼성동 159-0";"기타관광지";"카지노"
775;"7";"남산케이블카";"서울 중구 회현동1가 산 1-19";"기타관광지";"관광명소기타"
776;"8";"N서울타워";"서울 용산구 용산동2가 산 1-3";"기타관광지";"전망대"
777;"9";"용산역광장";"서울 용산구 한강로3가 0-0";"기타관광지";"관광명소기타"
778;"1";"코엑스";"서울 강남구 삼성동 159-0";"문화시설";"전시장"
779;"2";"국립중앙박물관";"서울 용산구 용산동6가 168-6";"문화시설";"박물관/기념관"
780;"3";"전쟁기념관";"서울 용산구 용산동1가 8-0";"문화시설";"박물관/기념관"
781;"4";"국립현대미술관 서울관";"서울 종로구 소격동 165-0";"문화시설";"미술관"
782;"5";"한가람미술관";"서울 서초구 서초동 700-0";"문화시설";"미술관"
783;"6";"국립항공박물관";"서울 강서구 공항동 1373-5";"문화시설";"박물관/기념관"
784;"7";"SETEC";"서울 강남구 대치동 514-0";"문화시설";"전시장"
785;"8";"서대문자연사박물관";"서울 서대문구 연희동 141-52";"문화시설";"박물관/기념관"
786;"9";"대한민국예술인센터";"서울 양천구 목동 923-6";"문화시설";"문화생활시설기타"
787;"10";"서울역사박물관";"서울 종로구 신문로2가 2-1";"문화시설";"박물관/기념관"
788;"11";"서대문형무소역사관";"서울 서대문구 현저동 101-0";"문화시설";"박물관/기념관"
789;"12";"송파책박물관";"서울 송파구 가락동 910-0";"문화시설";"박물관/기념관"
790;"13";"국립한글박물관";"서울 용산구 용산동6가 168-6";"문화시설";"박물관/기념관"
791;"14";"서울혁신파크";"서울 은평구 녹번동 5-0";"문화시설";"문화생활시설기타"
792;"15";"그라운드시소 서촌";"서울 종로구 통의동 35-17";"문화시설";"문화생활시설기타"
793;"16";"마이아트뮤지엄";"서울 강남구 대치동 944-31";"문화시설";"미술관"
794;"17";"청와대사랑채";"서울 종로구 효자동 150-0";"문화시설";"박물관/기념관"
795;"18";"KT&G상상마당 홍대";"서울 마포구 서교동 367-5";"문화시설";"문화생활시설기타"
796;"19";"한성백제박물관";"서울 송파구 방이동 88-20";"문화시설";"박물관/기념관"
797;"20";"더라움";"서울 강남구 역삼동 680-1";"문화시설";"화랑/전시관"
798;"1";"헌릉과인릉";"서울 서초구 내곡동 1-2449";"역사관광지";"능묘"
799;"2";"경복궁";"서울 종로구 세종로 1-91";"역사관광지";"고궁"
800;"3";"4.19기념탑";"서울 강북구 수유동 산 9-1";"역사관광지";"기념비"
801;"4";"광화문";"서울 종로구 세종로 1-57";"역사관광지";"문화유적지"
802;"5";"창경궁";"서울 종로구 와룡동 2-1";"역사관광지";"고궁"
803;"6";"서울암사동유적";"서울 강동구 암사동 139-2";"역사관광지";"문화유적지"
804;"7";"덕수궁";"서울 중구 정동 5-1";"역사관광지";"고궁"
805;"8";"남산골한옥마을";"서울 중구 필동2가 84-1";"역사관광지";"고택/생가/민속마을"
806;"9";"선정릉";"서울 강남구 삼성동 135-4";"역사관광지";"문화유적지"
807;"10";"절두산순교성지";"서울 마포구 합정동 96-1";"역사관광지";"문화유적지"
808;"11";"북촌한옥마을";"서울 종로구 가회동 0-0";"역사관광지";"고택/생가/민속마을"
809;"12";"창덕궁";"서울 종로구 와룡동 2-71";"역사관광지";"고궁"
810;"13";"독립문";"서울 서대문구 현저동 941-0";"역사관광지";"문화유적지"
811;"14";"태릉";"서울 노원구 공릉동 산 223-19";"역사관광지";"능묘"
812;"15";"숭례문";"서울 중구 남대문로4가 29-0";"역사관광지";"문화유적지"
813;"16";"흥인지문";"서울 종로구 종로6가 69-0";"역사관광지";"문화유적지"
814;"17";"의릉";"서울 성북구 석관동 산 1-5";"역사관광지";"능묘"
815;"18";"석파정";"서울 종로구 부암동 산 16-1";"역사관광지";"문화유적지"
816;"19";"연산군묘";"서울 도봉구 방학동 산 77-0";"역사관광지";"능묘"
817;"20";"광희문";"서울 중구 광희동2가 105-0";"역사관광지";"문화유적지"
818;"1";"여의도한강공원";"서울 영등포구 여의도동 8-0";"자연관광지";"공원"
819;"2";"반포한강공원";"서울 서초구 반포동 115-5";"자연관광지";"공원"
820;"3";"서울숲";"서울 성동구 성수동1가 685-20";"자연관광지";"공원"
821;"4";"뚝섬한강공원";"서울 광진구 자양동 704-1";"자연관광지";"공원"
822;"5";"올림픽공원";"서울 송파구 방이동 88-0";"자연관광지";"공원"
823;"6";"망원한강공원";"서울 마포구 망원동 205-4";"자연관광지";"공원"
824;"7";"잠원한강공원";"서울 서초구 잠원동 121-0";"자연관광지";"공원"
825;"8";"잠실한강공원";"서울 송파구 잠실동 0-0";"자연관광지";"공원"
826;"9";"북서울꿈의숲";"서울 강북구 번동 산 28-6";"자연관광지";"공원"
827;"10";"하늘공원";"서울 마포구 상암동 482-0";"자연관광지";"공원"
828;"11";"난지한강공원";"서울 마포구 상암동 487-116";"자연관광지";"공원"
829;"12";"이촌한강공원";"서울 용산구 이촌동 302-17";"자연관광지";"공원"
830;"13";"낙산공원";"서울 종로구 동숭동 산 2-10";"자연관광지";"공원"
831;"14";"세빛섬";"서울 서초구 반포동 650-0";"자연관광지";"섬"
832;"15";"보라매공원";"서울 동작구 신대방동 722-0";"자연관광지";"공원"
833;"16";"고척근린공원";"서울 구로구 고척동 9-14";"자연관광지";"공원"
834;"17";"선유도공원";"서울 영등포구 당산동 1-0";"자연관광지";"공원"
835;"18";"광나루한강공원";"서울 강동구 암사동 637-6";"자연관광지";"공원"
836;"19";"서서울호수공원";"서울 양천구 신월동 149-20";"자연관광지";"공원"
837;"20";"평화의공원";"서울 마포구 상암동 0-0";"자연관광지";"공원"
838;"1";"어린이대공원";"서울 광진구 능동 18-0";"휴양관광지";"테마파크"
839;"2";"롯데월드 잠실점";"서울 송파구 잠실동 40-1";"휴양관광지";"테마파크"
840;"3";"서울식물원";"서울 강서구 마곡동 812-0";"휴양관광지";"동식물원"
841;"4";"뚝섬유원지";"서울 광진구 자양동 428-0";"휴양관광지";"유원지"
842;"5";"롯데월드아쿠아리움";"서울 송파구 신천동 29-0";"휴양관광지";"수족관"
843;"6";"아쿠아리움 코엑스몰점";"서울 강남구 삼성동 159-0";"휴양관광지";"수족관"
844;"7";"키자니아 서울점";"서울 송파구 잠실동 40-1";"휴양관광지";"놀이시설"
845;"8";"아쿠아플라넷63";"서울 영등포구 여의도동 60-0";"휴양관광지";"수족관"
846;"9";"우이동유원지";"서울 강북구 우이동 231-0";"휴양관광지";"유원지"
847;"10";"남산야외식물원";"서울 용산구 이태원동 258-148";"휴양관광지";"동식물원"
848;"11";"서울창포원";"서울 도봉구 도봉동 4-2";"휴양관광지";"동식물원"
849;"12";"뽀로로파크 잠실롯데월드점";"서울 송파구 잠실동 40-1";"휴양관광지";"놀이시설"
850;"13";"파크하비오워터킹덤";"서울 송파구 문정동 618-0";"휴양관광지";"테마파크"
851;"14";"63스퀘어";"서울 영등포구 여의도동 60-0";"휴양관광지";"종합위락시설"
852;"15";"우리유황온천";"서울 광진구 자양동 663-21";"휴양관광지";"온천"
853;"16";"용마랜드";"서울 중랑구 망우동 산 69-1";"휴양관광지";"테마파크"
854;"17";"뉴서울온천";"서울 노원구 하계동 251-7";"휴양관광지";"온천"
855;"18";"롯데월드어드벤쳐";"서울 송파구 잠실동 40-1";"휴양관광지";"테마파크"
856;"19";"장안온천";"서울 동대문구 장안동 336-0";"휴양관광지";"온천"
857;"20";"난지천공원유아놀이터";"서울 마포구 상암동 0-0";"휴양관광지";"놀이시설"
858;"1";"국립세종수목원 연구동";"세종시   연기면 세종리 114-480";"기타관광지";"관광명소기타"
859;"2";"밀마루전망대";"세종시   어진동 498-0";"기타관광지";"전망대"
860;"3";"세종시리틀야구장";"세종시 다정동 5-6";"기타관광지";"운동장/체육관_야구장"
861;"4";"조치원테마거리";"세종시   조치원읍 원리 95-1";"기타관광지";"관광명소기타"
862;"5";"세종미리내천문대";"세종시   전의면 다방리 487-0";"기타관광지";"관광명소기타"
863;"6";"주니어천문스쿨 대전세종점";"세종시   장군면 산학리 139-0";"기타관광지";"관광명소기타"
864;"7";"세종제1야구장";"세종시 연서면 월하리 218-2";"기타관광지";"운동장/체육관_야구장"
865;"8";"부강생활체육공원 야구장";"세종시 부강면 금호리 823-3";"기타관광지";"운동장/체육관_야구장"
866;"9";"금강스포츠공원 야구장";"세종시 연기면 세종리 551-104";"기타관광지";"운동장/체육관_야구장"
867;"10";"봉산동의향나무";"세종시   조치원읍 봉산리 128-0";"기타관광지";"관광명소기타"
868;"11";"쌍류리예술촌";"세종시   연서면 쌍류리 608-0";"기타관광지";"관광명소기타"
869;"12";"피치스고개농원";"세종시   연기면 눌왕리 427-5";"기타관광지";"과수원"
870;"13";"금강보행교 건축중(2022년준공예정)";"세종시   연기면 세종리 735-498";"기타관광지";"관광명소기타"
871;"14";"미현목장";"세종시   연기면 눌왕리 490-0";"기타관광지";"목장"
872;"15";"도깨비도로";"세종시   전의면 다방리 212-0";"기타관광지";"관광명소기타"
873;"1";"대통령기록관";"세종시   어진동 34-51";"문화시설";"박물관/기념관"
874;"2";"지혜의숲";"세종시   나성동 398-0";"문화시설";"문화생활시설기타"
875;"3";"다정동복합커뮤니티센터";"세종시   다정동 363-185";"문화시설";"문화생활시설기타"
876;"4";"세종전통장류박물관";"세종시   전동면 청송리 6-0";"문화시설";"박물관/기념관"
877;"5";"비오케이아트센터";"세종시   반곡동 산 101-0";"문화시설";"문화생활시설기타"
878;"6";"충남산림박물관";"세종시   금남면 도남리 12-2";"문화시설";"박물관/기념관"
879;"7";"교과서박물관";"세종시   연동면 내판리 152-0";"문화시설";"박물관/기념관"
880;"8";"박연문화관";"세종시   어진동 593-0";"문화시설";"문화생활시설기타"
881;"9";"세종예술의전당 건축중(2022년03월개관예정)";"세종시   나성동 267-0";"문화시설";"문화생활시설기타"
882;"10";"행복도시세종홍보관";"세종시   연기면 세종리 551-6";"문화시설";"전시장"
883;"11";"해밀동복합커뮤니티센터";"세종시   해밀동 325-0";"문화시설";"문화생활시설기타"
884;"12";"반곡동복합커뮤니티센터";"세종시   반곡동 45-8";"문화시설";"문화생활시설기타"
885;"13";"세종시국립어린이박물관 건축중(2022년개관예정)";"세종시   연기면 세종리 107-187";"문화시설";"박물관/기념관"
886;"14";"세종문화원";"세종시   조치원읍 교리 21-1";"문화시설";"문화원"
887;"15";"소피아갤러리";"세종시   금남면 도남리 8-2";"문화시설";"화랑/전시관"
888;"16";"아람달동림권역체험관";"세종시   전동면 청송리 454-0";"문화시설";"문화생활시설기타"
889;"17";"세종시립민속박물관";"세종시   전의면 금사리 113-1";"문화시설";"박물관/기념관"
890;"18";"조치원읍제2복합커뮤니티센터 건축중(2021년12월완공예정)";"세종시   조치원읍 신흥리 227-1";"문화시설";"문화생활시설기타"
891;"19";"연기향토박물관";"세종시   연서면 청라리 146-0";"문화시설";"박물관/기념관"
892;"20";"정부세종청사 대강당";"세종시   어진동 59-0";"문화시설";"문화생활시설기타"
893;"1";"김종서장군묘소";"세종시   장군면 대교리 산 45-0";"역사관광지";"능묘"
894;"2";"청벽전원마을";"세종시   장군면 금암리 0-0";"역사관광지";"고택/생가/민속마을"
895;"3";"덕성서원";"세종시   도담동 0-0";"역사관광지";"문화유적지"
896;"4";"평화의 소녀상";"세종시   연기면 세종리 1201-0";"역사관광지";"기념비"
897;"5";"세종홍판서댁";"세종시   부강면 부강리 385-0";"역사관광지";"문화유적지"
898;"6";"연기향교";"세종시   연기면 연기리 34-0";"역사관광지";"문화유적지"
899;"7";"전의향교";"세종시   전의면 읍내리 149-1";"역사관광지";"문화유적지"
900;"1";"세종호수공원";"세종시   연기면 세종리 114-380";"자연관광지";"공원"
901;"2";"고복저수지";"세종시   연서면 용암리 0-0";"자연관광지";"저수지"
902;"3";"세종중앙공원";"세종시   연기면 세종리 0-0";"자연관광지";"공원"
903;"4";"금강수목원";"세종시   금남면 도남리 산 21-1";"자연관광지";"산림욕장"
904;"5";"숲뜰근린공원";"세종시   대평동 0-0";"자연관광지";"공원"
905;"6";"금강자연휴양림";"세종시   금남면 도남리 110-0";"자연관광지";"자연휴양림"
906;"7";"부강생활체육공원";"세종시   부강면 금호리 823-3";"자연관광지";"공원"
907;"8";"세종시무궁화공원";"세종시   연기면 세종리 646-1";"자연관광지";"공원"
908;"9";"금강수변공원";"세종시   보람동 0-0";"자연관광지";"공원"
909;"10";"조천연꽃공원";"세종시   조치원읍 번암리 0-0";"자연관광지";"공원"
910;"11";"원수산습지생태원";"세종시   도담동 0-0";"자연관광지";"공원"
911;"12";"고운뜰공원";"세종시   고운동 0-0";"자연관광지";"공원"
912;"13";"조치원체육공원";"세종시   조치원읍 죽림리 0-0";"자연관광지";"공원"
913;"14";"조치원문화정원";"세종시   조치원읍 평리 12-1";"자연관광지";"공원"
914;"15";"금강스포츠공원";"세종시   연기면 세종리 551-104";"자연관광지";"공원"
915;"16";"전의생활체육공원";"세종시   전의면 읍내리 5-1";"자연관광지";"공원"
916;"17";"세종보인증센터";"세종시   연기면 세종리 1055-0";"자연관광지";"공원"
917;"18";"원수산mtb공원";"세종시   연기면 세종리 0-0";"자연관광지";"공원"
918;"19";"세종시청야외광장";"세종시   보람동 0-0";"자연관광지";"공원"
919;"20";"푸른들판 세종호수공원";"세종시   연기면 세종리 0-0";"자연관광지";"공원"
920;"1";"국립세종수목원";"세종시   연기면 세종리 114-480";"휴양관광지";"동식물원"
921;"2";"베어트리파크";"세종시   전동면 송성리 8-5";"휴양관광지";"동식물원"
922;"3";"뽀로로파크 세종점";"세종시   어진동 670-0";"휴양관광지";"놀이시설"
923;"4";"도토리숲키즈파크";"세종시   장군면 산학리 24-2";"휴양관광지";"놀이시설"
924;"5";"아띠쥬";"세종시   대평동 63-7";"휴양관광지";"동식물원"
925;"1";"간절곶";"울산 울주군 서생면 대송리 0-0";"기타관광지";"관광명소기타"
926;"2";"대왕암공원출렁다리";"울산 동구 일산동 905-0";"기타관광지";"관광명소기타"
927;"3";"간절곶소망우체통";"울산 울주군 서생면 대송리 산 110-22";"기타관광지";"관광명소기타"
928;"4";"장생포고래문화마을";"울산 남구 매암동 192-2";"기타관광지";"관광명소기타"
929;"5";"울산대교전망대";"울산 동구 방어동 산 410-1";"기타관광지";"전망대"
930;"6";"함월루";"울산 중구 성안동 산 152-11";"기타관광지";"전망대"
931;"7";"선바위";"울산 울주군 범서읍 구영리 0-0";"기타관광지";"관광명소기타"
932;"8";"간월재";"울산 울주군 상북면 등억알프스리 0-0";"기타관광지";"관광명소기타"
933;"9";"자드락숲";"울산 울주군 두서면 서하리 100-0";"기타관광지";"관광명소기타"
934;"10";"배내고개";"울산 울주군 상북면 이천리 144-33";"기타관광지";"관광명소기타"
935;"11";"장생포모노레일";"울산 남구 매암동 139-29";"기타관광지";"관광명소기타"
936;"12";"유진목장본치즈어리";"울산 울주군 두서면 차리 141-1";"기타관광지";"목장"
937;"13";"유진목장";"울산 울주군 두서면 차리 141-1";"기타관광지";"목장"
938;"14";"태화강전망대";"울산 남구 무거동 1293-0";"기타관광지";"전망대"
939;"15";"대왕별아이누리";"울산 동구 일산동 911-1";"기타관광지";"관광명소기타"
940;"16";"욕망의불꽃간절곶세트장";"울산 울주군 서생면 대송리 산 28-0";"기타관광지";"촬영지"
941;"17";"문수산전망대";"울산 울주군 청량읍 율리 산 342-4";"기타관광지";"전망대"
942;"18";"신우목장";"울산 울주군 두서면 미호리 817-5";"기타관광지";"목장"
943;"19";"은하수다리";"울산 중구 태화동 0-0";"기타관광지";"관광명소기타"
944;"20";"환희목장";"울산 울주군 삼동면 작동리 93-0";"기타관광지";"목장"
945;"1";"장생포고래박물관";"울산 남구 매암동 139-29";"문화시설";"박물관/기념관"
946;"2";"울산전시컨벤션센터";"울산 울주군 삼남읍 교동리 1683-1";"문화시설";"전시장"
947;"3";"영남알프스복합웰컴센터";"울산 울주군 상북면 등억알프스리 515-2";"문화시설";"문화생활시설기타"
948;"4";"현대예술관";"울산 동구 서부동 110-1";"문화시설";"문화원"
949;"5";"태화강생태관";"울산 울주군 범서읍 구영리 1142-0";"문화시설";"전시장"
950;"6";"울산과학관";"울산 남구 옥동 894-0";"문화시설";"과학관"
951;"7";"고래생태체험관";"울산 남구 매암동 139-29";"문화시설";"문화생활시설기타"
952;"8";"장생포문화창고";"울산 남구 장생포동 338-2";"문화시설";"문화생활시설기타"
953;"9";"울산암각화박물관";"울산 울주군 두동면 천전리 333-1";"문화시설";"박물관/기념관"
954;"10";"울산박물관";"울산 남구 신정동 1060-0";"문화시설";"박물관/기념관"
955;"11";"영남알프스번개맨체험관";"울산 울주군 상북면 등억알프스리 517-0";"문화시설";"문화생활시설기타"
956;"12";"울산시립미술관 건축중(2021년12월16일개관예정)";"울산 중구 북정동 1-3";"문화시설";"미술관"
957;"13";"울산안전체험관";"울산 북구 정자동 산 27-0";"문화시설";"문화생활시설기타"
958;"14";"울산옹기박물관";"울산 울주군 온양읍 고산리 501-18";"문화시설";"박물관/기념관"
959;"15";"소리체험관";"울산 동구 방어동 3-42";"문화시설";"전시장"
960;"16";"울산어린이천문대";"울산 울주군 범서읍 중리 136-0";"문화시설";"과학관"
961;"17";"울산대곡박물관";"울산 울주군 두동면 천전리 307-0";"문화시설";"박물관/기념관"
962;"18";"외솔기념관";"울산 중구 동동 613-0";"문화시설";"박물관/기념관"
963;"19";"아르코공연예술연습센터울산";"울산 남구 신정동 1223-2";"문화시설";"문화생활시설기타"
964;"20";"꽃바위문화관";"울산 동구 방어동 1120-1";"문화시설";"문화원"
965;"1";"공업탑";"울산 남구 신정동 0-0";"역사관광지";"탑"
966;"2";"반구대암각화";"울산 울주군 언양읍 대곡리 0-0";"역사관광지";"문화유적지"
967;"3";"울산경상좌도병영성";"울산 중구 서동 149-8";"역사관광지";"문화유적지"
968;"4";"박재상유적지";"울산 울주군 두동면 만화리 70-0";"역사관광지";"문화유적지"
969;"5";"박상진의사생가";"울산 북구 송정동 355-0";"역사관광지";"고택/생가/민속마을"
970;"6";"울산향교";"울산 중구 교동 171-1";"역사관광지";"문화유적지"
971;"7";"태화루";"울산 중구 태화동 91-2";"역사관광지";"문화유적지"
972;"8";"처용암";"울산 남구 황성동 668-1";"역사관광지";"문화유적지"
973;"9";"강동화암주상절리";"울산 북구 산하동 952-1";"역사관광지";"문화유적지"
974;"10";"언양향교";"울산 울주군 삼남읍 교동리 1086-0";"역사관광지";"문화유적지"
975;"11";"울주천전리각석";"울산 울주군 두동면 천전리 산 210-2";"역사관광지";"문화유적지"
976;"12";"석계서원";"울산 울주군 웅촌면 석천리 385-0";"역사관광지";"문화유적지"
977;"13";"어물동마애여래좌상";"울산 북구 어물동 산 121-0";"역사관광지";"문화유적지"
978;"14";"울산동헌";"울산 중구 북정동 349-0";"역사관광지";"고택/생가/민속마을"
979;"15";"석남사삼층석탑";"울산 울주군 상북면 덕현리 232-2";"역사관광지";"문화유적지"
980;"16";"죽림굴";"울산 울주군 상북면 이천리 0-0";"역사관광지";"문화유적지"
981;"17";"롯데신격호별장";"울산 울주군 삼동면 둔기리 608-0";"역사관광지";"고택/생가/민속마을"
982;"18";"충의사";"울산 중구 학성동 45-1";"역사관광지";"문화유적지"
983;"19";"언양장터";"울산 울주군 언양읍 동부리 0-0";"역사관광지";"문화유적지"
984;"20";"봉현재";"울산 북구 연암동 251-0";"역사관광지";"고택/생가/민속마을"
985;"1";"대왕암공원";"울산 동구 일산동 901-8";"자연관광지";"공원"
986;"2";"진하해수욕장";"울산 울주군 서생면 진하리 0-0";"자연관광지";"해수욕장"
987;"3";"일산해수욕장";"울산 동구 일산동 0-0";"자연관광지";"해수욕장"
988;"4";"주전몽돌해변";"울산 동구 주전동 0-0";"자연관광지";"해수욕장"
989;"5";"언양자수정동굴나라";"울산 울주군 상북면 등억알프스리 산 23-0";"자연관광지";"동굴"
990;"6";"태화강국가정원";"울산 중구 태화동 667-0";"자연관광지";"공원"
991;"7";"정자해수욕장";"울산 북구 무룡동 0-0";"자연관광지";"해수욕장"
992;"8";"십리대숲(은하수길) 태화강국가정원";"울산 중구 태화동 636-0";"자연관광지";"공원"
993;"9";"나사리해수욕장";"울산 울주군 서생면 나사리 0-0";"자연관광지";"해수욕장"
994;"10";"작천정계곡";"울산 울주군 삼남읍 교동리 0-0";"자연관광지";"폭포/계곡"
995;"11";"슬도";"울산 동구 방어동 0-0";"자연관광지";"섬"
996;"12";"자수정동굴";"울산 울주군 상북면 등억알프스리 0-0";"자연관광지";"동굴"
997;"13";"덕신소공원";"울산 울주군 온산읍 덕신리 0-0";"자연관광지";"공원"
998;"14";"선암호수공원";"울산 남구 선암동 476-2";"자연관광지";"공원"
999;"15";"철구소계곡";"울산 울주군 상북면 이천리 0-0";"자연관광지";"폭포/계곡"
1000;"16";"신불산폭포자연휴양림";"울산 울주군 상북면 이천리 산 3-1";"자연관광지";"자연휴양림"
1001;"17";"강동몽돌해변";"울산 북구 산하동 0-0";"자연관광지";"해수욕장"
1002;"18";"대운산";"울산 울주군 온양읍 운화리 0-0";"자연관광지";"명산"
1003;"19";"파래소폭포";"울산 울주군 상북면 이천리 0-0";"자연관광지";"폭포/계곡"
1004;"20";"울기등대";"울산 동구 일산동 905-5";"자연관광지";"등대"
1005;"1";"울산대공원";"울산 남구 옥동 146-1";"휴양관광지";"테마파크"
1006;"2";"등억온천지구";"울산 울주군 상북면 등억알프스리 740-7";"휴양관광지";"온천"
1007;"3";"울산발리온천";"울산 울주군 온양읍 발리 634-1";"휴양관광지";"온천"
1008;"4";"대왕별아이누리";"울산 동구 일산동 911-1";"휴양관광지";"테마파크"
1009;"5";"가지산탄산유황천";"울산 울주군 상북면 덕현리 686-1";"휴양관광지";"온천"
1010;"6";"울산대공원 동물원";"울산 남구 옥동 146-1";"휴양관광지";"동식물원"
1011;"7";"무지개놀이터";"울산 남구 선암동 산 138-0";"휴양관광지";"놀이시설"
1012;"8";"와우쥬";"울산 남구 무거동 461-0";"휴양관광지";"동식물원"
1013;"9";"쥬라리움 울산점";"울산 중구 우정동 529-0";"휴양관광지";"동식물원"
1014;"10";"범서온천지지워터피아";"울산 울주군 범서읍 중리 225-1";"휴양관광지";"온천"
1015;"11";"아쿠아가든 울산점";"울산 북구 진장동 701-3";"휴양관광지";"수족관"
1016;"12";"대왕암일산랜드";"울산 동구 일산동 939-1";"휴양관광지";"놀이시설"
1017;"13";"신불산온천";"울산 울주군 상북면 등억알프스리 531-1";"휴양관광지";"온천"
1018;"14";"울산대공원키즈테마파크";"울산 남구 옥동 146-1";"휴양관광지";"테마파크"
1019;"15";"언양자수정동굴나라 동물공원";"울산 울주군 상북면 등억알프스리 산 177-2";"휴양관광지";"동식물원"
1020;"16";"언양온천";"울산 울주군 상북면 등억알프스리 529-5";"휴양관광지";"온천"
1021;"17";"간월산온천";"울산 울주군 상북면 등억알프스리 507-1";"휴양관광지";"온천"
1022;"18";"강동해수온천";"울산 북구 구유동 364-0";"휴양관광지";"온천"
1023;"19";"공중관람차";"울산 남구 삼산동 1480-1";"휴양관광지";"유원지"
1024;"20";"선바위유원지";"울산 울주군 범서읍 입암리 1141-54";"휴양관광지";"유원지"
1025;"1";"아라마루전망대";"인천 계양구 둑실동 135-25";"기타관광지";"전망대"
1026;"2";"정서진";"인천 서구 오류동 0-0";"기타관광지";"관광명소기타"
1027;"3";"선녀바위";"인천 중구 을왕동 0-0";"기타관광지";"관광명소기타"
1028;"4";"옥토끼우주센터";"인천 강화군 불은면 두운리 1026-0";"기타관광지";"관광명소기타"
1029;"5";"난정리해바라기마을정원";"인천 강화군 교동면 난정리 0-0";"기타관광지";"관광명소기타"
1030;"6";"경인아라뱃길 아라마루";"인천 계양구 둑실동 135-25";"기타관광지";"관광명소기타"
1031;"7";"강화평화전망대";"인천 강화군 양사면 철산리 산 6-1";"기타관광지";"전망대"
1032;"8";"에너지파크";"인천 옹진군 영흥면 외리 1344-0";"기타관광지";"관광명소기타"
1033;"9";"인천공항전망대";"인천 중구 을왕동 0-0";"기타관광지";"전망대"
1034;"10";"망향대";"인천 강화군 교동면 지석리 산 71-0";"기타관광지";"전망대"
1035;"11";"경인아라뱃길";"인천 서구 오류동 1564-0";"기타관광지";"관광명소기타"
1036;"12";"장화리일몰조망지";"인천 강화군 화도면 장화리 0-0";"기타관광지";"관광명소기타"
1037;"13";"늘솔길공원양떼목장";"인천 남동구 논현동 738-8";"기타관광지";"목장"
1038;"14";"신항바다쉼터";"인천 연수구 송도동 386-4";"기타관광지";"관광명소기타"
1039;"15";"영흥도장경리솔숲";"인천 옹진군 영흥면 내리 0-0";"기타관광지";"관광명소기타"
1040;"16";"예단포둘레길";"인천 중구 운북동 1353-4";"기타관광지";"관광명소기타"
1041;"17";"송도한옥마을";"인천 연수구 송도동 24-17";"기타관광지";"관광명소기타"
1042;"18";"경인아라뱃길전망대";"인천 서구 오류동 1563-0";"기타관광지";"전망대"
1043;"19";"시리미자연놀이체험장";"인천 강화군 선원면 선행리 502-0";"기타관광지";"관광명소기타"
1044;"20";"연산군유배지";"인천 강화군 교동면 고구리 산 233-0";"기타관광지";"관광명소기타"
1045;"1";"케이슨24";"인천 연수구 송도동 12-8";"문화시설";"문화생활시설기타"
1046;"2";"송도컨벤시아";"인천 연수구 송도동 6-1";"문화시설";"전시장"
1047;"3";"인천상륙작전기념관";"인천 연수구 옥련동 525-0";"문화시설";"박물관/기념관"
1048;"4";"인천어린이과학관";"인천 계양구 방축동 108-1";"문화시설";"과학관"
1049;"5";"인천시립박물관";"인천 연수구 옥련동 525-0";"문화시설";"박물관/기념관"
1050;"6";"코스모40";"인천 서구 가좌동 556-34";"문화시설";"문화생활시설기타"
1051;"7";"국립생물자원관";"인천 서구 경서동 710-0";"문화시설";"박물관/기념관"
1052;"8";"강화역사박물관";"인천 강화군 하점면 부근리 350-4";"문화시설";"박물관/기념관"
1053;"9";"한국가스공사 가스과학관";"인천 연수구 송도동 376-0";"문화시설";"과학관"
1054;"10";"영종역사관";"인천 중구 중산동 1957-2";"문화시설";"화랑/전시관"
1055;"11";"트라이볼";"인천 연수구 송도동 24-6";"문화시설";"박물관/기념관"
1056;"12";"파라다이스시티 스튜디오파라다이스";"인천 중구 운서동 2874-0";"문화시설";"문화생활시설기타"
1057;"13";"인천도시역사관";"인천 연수구 송도동 24-7";"문화시설";"화랑/전시관"
1058;"14";"검단선사박물관";"인천 서구 원당동 824-11";"문화시설";"박물관/기념관"
1059;"15";"해든뮤지움";"인천 강화군 길상면 장흥리 211-5";"문화시설";"화랑/전시관"
1060;"16";"인천어린이박물관";"인천 미추홀구 문학동 482-0";"문화시설";"박물관/기념관"
1061;"17";"인천대교기념관";"인천 중구 운남동 1113-70";"문화시설";"박물관/기념관"
1062;"18";"인천아트플랫폼";"인천 중구 해안동1가 10-1";"문화시설";"문화생활시설기타"
1063;"19";"계양산성박물관";"인천 계양구 계산동 산 11-0";"문화시설";"박물관/기념관"
1064;"20";"소래역사관";"인천 남동구 논현동 680-2";"문화시설";"박물관/기념관"
1065;"1";"강화광성보";"인천 강화군 불은면 덕성리 27-0";"역사관광지";"문화유적지"
1066;"2";"초지진";"인천 강화군 길상면 초지리 624-0";"역사관광지";"문화유적지"
1067;"3";"연미정";"인천 강화군 강화읍 월곳리 242-0";"역사관광지";"문화유적지"
1068;"4";"강화고인돌";"인천 강화군 하점면 부근리 317-0";"역사관광지";"문화유적지"
1069;"5";"성공회강화성당";"인천 강화군 강화읍 관청리 422-0";"역사관광지";"문화유적지"
1070;"6";"강화고려궁지";"인천 강화군 강화읍 관청리 163-0";"역사관광지";"문화유적지"
1071;"7";"덕진진";"인천 강화군 불은면 덕성리 846-0";"역사관광지";"문화유적지"
1072;"8";"갑곶돈대";"인천 강화군 강화읍 갑곳리 1040-0";"역사관광지";"문화유적지"
1073;"9";"부평향교";"인천 계양구 계산동 982-1";"역사관광지";"문화유적지"
1074;"10";"교동읍성";"인천 강화군 교동면 읍내리 577-0";"역사관광지";"문화유적지"
1075;"11";"인천향교";"인천 미추홀구 문학동 349-2";"역사관광지";"문화유적지"
1076;"12";"교동향교";"인천 강화군 교동면 읍내리 148-0";"역사관광지";"문화유적지"
1077;"13";"분오리돈대";"인천 강화군 화도면 동막리 0-0";"역사관광지";"문화유적지"
1078;"14";"홍예문";"인천 중구 송학동3가 0-0";"역사관광지";"문화유적지"
1079;"15";"강화산성";"인천 강화군 강화읍 국화리 산 3-0";"역사관광지";"문화유적지"
1080;"16";"망월돈대및장성";"인천 강화군 하점면 망월리 2107-0";"역사관광지";"문화유적지"
1081;"17";"화도돈대";"인천 강화군 선원면 연리 54-0";"역사관광지";"문화유적지"
1082;"18";"계룡돈대";"인천 강화군 내가면 황청리 282-0";"역사관광지";"문화유적지"
1083;"19";"용흥궁";"인천 강화군 강화읍 관청리 441-0";"역사관광지";"문화유적지"
1084;"20";"장곶돈대";"인천 강화군 화도면 장화리 113-0";"역사관광지";"문화유적지"
1085;"1";"을왕리해수욕장";"인천 중구 을왕동 717-12";"자연관광지";"해수욕장"
1086;"2";"월미도";"인천 중구 북성동1가 0-0";"자연관광지";"섬"
1087;"3";"동막해수욕장";"인천 강화군 화도면 동막리 7-0";"자연관광지";"해수욕장"
1088;"4";"송도센트럴파크";"인천 연수구 송도동 24-5";"자연관광지";"공원"
1089;"5";"왕산해수욕장";"인천 중구 을왕동 0-0";"자연관광지";"해수욕장"
1090;"6";"청라호수공원";"인천 서구 청라동 106-2";"자연관광지";"공원"
1091;"7";"하나개해수욕장";"인천 중구 무의동 167-0";"자연관광지";"해수욕장"
1092;"8";"인천대공원";"인천 남동구 장수동 산 164-0";"자연관광지";"공원"
1093;"9";"십리포해변";"인천 옹진군 영흥면 내리 0-0";"자연관광지";"해수욕장"
1094;"10";"마시안해변";"인천 중구 덕교동 662-5";"자연관광지";"해수욕장"
1095;"11";"선녀바위해수욕장";"인천 중구 을왕동 0-0";"자연관광지";"해수욕장"
1096;"12";"민머루해수욕장";"인천 강화군 삼산면 매음리 872-0";"자연관광지";"해수욕장"
1097;"13";"영흥도";"인천 옹진군 영흥면 내리 213-0";"자연관광지";"섬"
1098;"14";"솔찬공원";"인천 연수구 송도동 0-0";"자연관광지";"공원"
1099;"15";"석모도";"인천 강화군 삼산면 석모리 0-0";"자연관광지";"섬"
1100;"16";"영종도";"인천 중구 운남동 0-0";"자연관광지";"섬"
1101;"17";"마니산";"인천 강화군 화도면 흥왕리 0-0";"자연관광지";"명산"
1102;"18";"하늘정원";"인천 중구 운서동 2848-6";"자연관광지";"공원"
1103;"19";"장경리해변";"인천 옹진군 영흥면 내리 0-0";"자연관광지";"해수욕장"
1104;"20";"강화도";"인천 강화군 불은면 삼성리 0-0";"자연관광지";"섬"
1105;"1";"왕산마리나";"인천 중구 을왕동 산 0-0";"휴양관광지";"종합위락시설"
1106;"2";"월미테마파크";"인천 중구 북성동1가 98-580";"휴양관광지";"테마파크"
1107;"3";"실미유원지";"인천 중구 무의동 768-23";"휴양관광지";"유원지"
1108;"4";"프렌쥬랜드";"인천 강화군 길상면 선두리 655-7";"휴양관광지";"동식물원"
1109;"5";"석모도미네랄온천";"인천 강화군 삼산면 매음리 645-23";"휴양관광지";"온천"
1110;"6";"파라다이스시티 씨메르";"인천 중구 운서동 2874-0";"휴양관광지";"온천"
1111;"7";"파라다이스시티 원더박스";"인천 중구 운서동 2874-0";"휴양관광지";"종합위락시설"
1112;"8";"석모도수목원";"인천 강화군 삼산면 석모리 산 133-2";"휴양관광지";"동식물원"
1113;"9";"쥬라리움 청라점";"인천 서구 청라동 157-10";"휴양관광지";"동식물원"
1114;"10";"마이랜드";"인천 중구 북성동1가 98-362";"휴양관광지";"테마파크"
1115;"11";"월미놀이동산";"인천 중구 북성동1가 98-565";"휴양관광지";"테마파크"
1116;"12";"인천대공원 어린이동물원";"인천 남동구 장수동 산 164-0";"휴양관광지";"동식물원"
1117;"13";"인더쥬";"인천 연수구 송도동 176-5";"휴양관광지";"동식물원"
1118;"14";"송도유원지";"인천 연수구 옥련동 602-3";"휴양관광지";"유원지"
1119;"15";"아라천 환경 놀이터";"인천 서구 오류동 1606-0";"휴양관광지";"놀이시설"
1120;"16";"청춘수족관";"인천 부평구 십정동 182-19";"휴양관광지";"수족관"
1121;"17";"팝콘시티";"인천 연수구 송도동 10-39";"휴양관광지";"종합위락시설"
1122;"18";"아라천환경놀이터";"인천 서구 오류동 1606-0";"휴양관광지";"놀이시설"
1123;"19";"파빌리온스파";"인천 연수구 옥련동 564-7";"휴양관광지";"온천"
1124;"20";"젊은열대어";"인천 서구 불로동 774-8";"휴양관광지";"수족관"
1125;"1";"여수해상케이블카 놀아정류장";"전남 여수시 돌산읍 우두리 794-89";"기타관광지";"관광명소기타"
1126;"2";"목포해상케이블카 북항승강장";"전남 목포시 죽교동 516-101";"기타관광지";"관광명소기타"
1127;"3";"순천만국가정원";"전남 순천시 오천동 600-0";"기타관광지";"관광명소기타"
1128;"4";"순천만습지";"전남 순천시 대대동 162-2";"기타관광지";"관광명소기타"
1129;"5";"메타세쿼이아가로수길";"전남 담양군 담양읍 학동리 0-0";"기타관광지";"관광명소기타"
1130;"6";"메타프로방스";"전남 담양군 담양읍 학동리 586-1";"기타관광지";"관광단지"
1131;"7";"섬진강기차마을";"전남 곡성군 오곡면 오지리 770-5";"기타관광지";"관광명소기타"
1132;"8";"보성녹차밭";"전남 보성군 보성읍 봉산리 1291-0";"기타관광지";"관광명소기타"
1133;"9";"땅끝전망대";"전남 해남군 송지면 송호리 1158-5";"기타관광지";"전망대"
1134;"10";"퍼플교";"전남 신안군 안좌면 소곡리 0-0";"기타관광지";"관광명소기타"
1135;"11";"여수해상케이블카 해야정류장";"전남 여수시 수정동 332-57";"기타관광지";"관광명소기타"
1136;"12";"고흥우주발사전망대";"전남 고흥군 영남면 남열리 77-7";"기타관광지";"전망대"
1137;"13";"무한의다리";"전남 신안군 자은면 한운리 0-0";"기타관광지";"관광명소기타"
1138;"14";"목포스카이워크";"전남 목포시 죽교동 465-142";"기타관광지";"관광명소기타"
1139;"15";"완도타워";"전남 완도군 완도읍 군내리 205-2";"기타관광지";"전망대"
1140;"16";"갓바위";"전남 목포시 용해동 0-0";"기타관광지";"관광명소기타"
1141;"17";"목포해상케이블카 고하도승강장";"전남 목포시 달동 산 191-3";"기타관광지";"관광명소기타"
1142;"18";"명옥헌";"전남 담양군 고서면 산덕리 513-0";"기타관광지";"관광명소기타"
1143;"19";"여수세계박람회장";"전남 여수시 덕충동 0-0";"기타관광지";"관광명소기타"
1144;"20";"빛가람전망대";"전남 나주시 빛가람동 346-3";"기타관광지";"전망대"
1145;"1";"아르떼뮤지엄 여수";"전남 여수시 덕충동 2005-0";"문화시설";"전시장"
1146;"2";"목포근대역사관 1관";"전남 목포시 대의동2가 1-5";"문화시설";"전시장"
1147;"3";"나로우주센터 우주과학관";"전남 고흥군 봉래면 예내리 480-0";"문화시설";"과학관"
1148;"4";"해남공룡박물관";"전남 해남군 황산면 우항리 191-0";"문화시설";"박물관/기념관"
1149;"5";"목포자연사박물관";"전남 목포시 용해동 9-28";"문화시설";"박물관/기념관"
1150;"6";"담양곤충박물관";"전남 담양군 담양읍 학동리 672-0";"문화시설";"박물관/기념관"
1151;"7";"국립나주박물관";"전남 나주시 반남면 신촌리 152-25";"문화시설";"박물관/기념관"
1152;"8";"전남도립미술관";"전남 광양시 광양읍 인동리 227-1";"문화시설";"미술관"
1153;"9";"여수세계박람회장 Big-O";"전남 여수시 덕충동 66-10";"문화시설";"전시장"
1154;"10";"목포어린이바다과학관";"전남 목포시 산정동 1454-0";"문화시설";"과학관"
1155;"11";"압록상상스쿨";"전남 곡성군 오곡면 압록리 594-0";"문화시설";"문화생활시설기타"
1156;"12";"한빛원자력발전소홍보관";"전남 영광군 홍농읍 계마리 989-0";"문화시설";"전시장"
1157;"13";"영암곤충박물관";"전남 영암군 영암읍 회문리 20-0";"문화시설";"박물관/기념관"
1158;"14";"목포근대역사관 2관";"전남 목포시 중앙동2가 6-0";"문화시설";"전시장"
1159;"15";"해양수산과학관";"전남 여수시 돌산읍 평사리 1271-3";"문화시설";"과학관"
1160;"16";"김대중노벨평화상기념관";"전남 목포시 산정동 1481-0";"문화시설";"박물관/기념관"
1161;"17";"아이뮤지엄";"전남 여수시 덕충동 2005-0";"문화시설";"전시장"
1162;"18";"순천만생태문화교육원";"전남 순천시 연향동 812-19";"문화시설";"문화원"
1163;"19";"소금박물관";"전남 신안군 증도면 대초리 1648-0";"문화시설";"박물관/기념관"
1164;"20";"소아르갤러리";"전남 화순군 화순읍 이십곡리 601-12";"문화시설";"미술관"
1165;"1";"낙안읍성민속마을";"전남 순천시 낙안면 동내리 437-1";"역사관광지";"고택/생가/민속마을"
1166;"2";"담양관방제림";"전남 담양군 담양읍 객사리 0-0";"역사관광지";"문화유적지"
1167;"3";"소쇄원";"전남 담양군 가사문학면 지곡리 123-0";"역사관광지";"문화유적지"
1168;"4";"운림산방";"전남 진도군 의신면 사천리 61-0";"역사관광지";"고택/생가/민속마을"
1169;"5";"진남관 공사중(2022년05월 완공예정)";"전남 여수시 군자동 472-0";"역사관광지";"문화유적지"
1170;"6";"다산초당";"전남 강진군 도암면 만덕리 339-1";"역사관광지";"문화유적지"
1171;"7";"백제불교최초도래지";"전남 영광군 법성면 진내리 834-0";"역사관광지";"문화유적지"
1172;"8";"담양명옥헌원림";"전남 담양군 고서면 산덕리 513-0";"역사관광지";"문화유적지"
1173;"9";"금성관";"전남 나주시 과원동 109-5";"역사관광지";"고택/생가/민속마을"
1174;"10";"운조루";"전남 구례군 토지면 오미리 103-0";"역사관광지";"고택/생가/민속마을"
1175;"11";"왕인박사유적지";"전남 영암군 군서면 동구림리 산 18-0";"역사관광지";"문화유적지"
1176;"12";"화순고인돌유적지";"전남 화순군 도곡면 효산리 64-0";"역사관광지";"문화유적지"
1177;"13";"영랑생가";"전남 강진군 강진읍 남성리 211-1";"역사관광지";"고택/생가/민속마을"
1178;"14";"완도청해진유적";"전남 완도군 완도읍 장좌리 0-0";"역사관광지";"문화유적지"
1179;"15";"낙안읍성";"전남 순천시 낙안면 남내리 0-0";"역사관광지";"문화유적지"
1180;"16";"세연정";"전남 완도군 보길면 부황리 572-2";"역사관광지";"문화유적지"
1181;"17";"필암서원";"전남 장성군 황룡면 필암리 377-0";"역사관광지";"문화유적지"
1182;"18";"한수원사택";"전남 영광군 홍농읍 상하리 0-0";"역사관광지";"고택/생가/민속마을"
1183;"19";"남고문";"전남 나주시 남외동 284-0";"역사관광지";"문화유적지"
1184;"20";"가사문학관";"전남 담양군 가사문학면 지곡리 308-1";"역사관광지";"문화유적지"
1185;"1";"죽녹원";"전남 담양군 담양읍 향교리 282-0";"자연관광지";"자연휴양림"
1186;"2";"오동도";"전남 여수시 수정동 1-2";"자연관광지";"섬"
1187;"3";"이순신광장";"전남 여수시 중앙동 0-0";"자연관광지";"공원"
1188;"4";"만성리검은모래해변";"전남 여수시 만흥동 0-0";"자연관광지";"해수욕장"
1189;"5";"신지명사십리해수욕장";"전남 완도군 신지면 신리 797-20";"자연관광지";"해수욕장"
1190;"6";"평화광장";"전남 목포시 상동 1157-0";"자연관광지";"공원"
1191;"7";"율포해수욕장";"전남 보성군 회천면 동율리 678-0";"자연관광지";"해수욕장"
1192;"8";"돌산공원";"전남 여수시 돌산읍 우두리 799-76";"자연관광지";"공원"
1193;"9";"돌머리해변";"전남 함평군 함평읍 석성리 0-0";"자연관광지";"해수욕장"
1194;"10";"노고단";"전남 구례군 산동면 좌사리 0-0";"자연관광지";"명산"
1195;"11";"하멜등대";"전남 여수시 종화동 458-7";"자연관광지";"등대"
1196;"12";"무안회산백련지";"전남 무안군 일로읍 복룡리 150-0";"자연관광지";"저수지"
1197;"13";"와온해변";"전남 순천시 해룡면 상내리 0-0";"자연관광지";"해수욕장"
1198;"14";"모사금해변";"전남 여수시 오천동 0-0";"자연관광지";"해수욕장"
1199;"15";"톱머리해변";"전남 무안군 망운면 피서리 0-0";"자연관광지";"해수욕장"
1200;"16";"남열해돋이해수욕장";"전남 고흥군 영남면 남열리 0-0";"자연관광지";"해수욕장"
1201;"17";"조례호수공원";"전남 순천시 조례동 0-0";"자연관광지";"공원"
1202;"18";"무슬목해변";"전남 여수시 돌산읍 평사리 0-0";"자연관광지";"해수욕장"
1203;"19";"웅천친수공원";"전남 여수시 웅천동 1692-0";"자연관광지";"공원"
1204;"20";"가마미해수욕장";"전남 영광군 홍농읍 계마리 0-0";"자연관광지";"해수욕장"
1205;"1";"아쿠아플라넷 여수";"전남 여수시 수정동 774-1";"휴양관광지";"수족관"
1206;"2";"유월드루지테마파크";"전남 여수시 소라면 죽림리 116-0";"휴양관광지";"테마파크"
1207;"3";"동가리숲속유원지";"전남 화순군 한천면 동가리 872-22";"휴양관광지";"유원지"
1208;"4";"드들강솔밭유원지";"전남 나주시 남평읍 남석리 779-0";"휴양관광지";"유원지"
1209;"5";"압록유원지";"전남 곡성군 죽곡면 하한리 1039-0";"휴양관광지";"유원지"
1210;"6";"천사섬분재공원";"전남 신안군 압해읍 송공리 58-4";"휴양관광지";"동식물원"
1211;"7";"테마파크소풍";"전남 화순군 도곡면 대곡리 1004-1";"휴양관광지";"테마파크"
1212;"8";"지리산온천랜드 본관";"전남 구례군 산동면 관산리 522-0";"휴양관광지";"온천"
1213;"9";"담양온천";"전남 담양군 금성면 원율리 399-0";"휴양관광지";"온천"
1214;"10";"월출산기찬랜드";"전남 영암군 영암읍 회문리 91-0";"휴양관광지";"테마파크"
1215;"11";"금호화순아쿠아나";"전남 화순군 백아면 옥리 510-1";"휴양관광지";"온천"
1216;"12";"유달유원지";"전남 목포시 죽교동 465-142";"휴양관광지";"유원지"
1217;"13";"천개의향나무숲";"전남 구례군 광의면 지천리 528-1";"휴양관광지";"동식물원"
1218;"14";"홀통유원지";"전남 무안군 현경면 오류리 산 1-0";"휴양관광지";"유원지"
1219;"15";"홍길동테마파크";"전남 장성군 황룡면 아곡리 303-0";"휴양관광지";"유원지"
1220;"16";"도리포유원지";"전남 무안군 해제면 송석리 0-0";"휴양관광지";"유원지"
1221;"17";"4est수목원";"전남 해남군 현산면 황산리 산 1-33";"휴양관광지";"동식물원"
1222;"18";"중흥골드스파리조트워터락";"전남 나주시 다도면 방산리 1449-4";"휴양관광지";"온천"
1223;"19";"스파리조트안단테";"전남 장흥군 안양면 수문리 8-0";"휴양관광지";"종합위락시설"
1224;"20";"율포해수녹차온천탕";"전남 보성군 회천면 동율리 678-0";"휴양관광지";"온천"
1225;"1";"채석강";"전북 부안군 변산면 격포리 301-1";"기타관광지";"관광명소기타"
1226;"2";"광한루원";"전북 남원시 천거동 78-0";"기타관광지";"관광명소기타"
1227;"3";"채계산출렁다리";"전북 순창군 적성면 괴정리 1607-0";"기타관광지";"관광명소기타"
1228;"4";"대둔산케이블카";"전북 완주군 운주면 산북리 산 23-30";"기타관광지";"관광명소기타"
1229;"5";"초원사진관";"전북 군산시 신창동 1-5";"기타관광지";"촬영지"
1230;"6";"머루와인동굴";"전북 무주군 적상면 북창리 산 119-5";"기타관광지";"관광명소기타"
1231;"7";"순창용궐산하늘길";"전북 순창군 동계면 어치리 0-0";"기타관광지";"관광명소기타"
1232;"8";"금강하구둑";"전북 군산시 성산면 성덕리 487-14";"기타관광지";"관광명소기타"
1233;"9";"태권도원";"전북 무주군 설천면 청량리 1454-0";"기타관광지";"관광명소기타"
1234;"10";"학원농장";"전북 고창군 공음면 선동리 산 119-22";"기타관광지";"관광농원"
1235;"11";"벽골제";"전북 김제시 부량면 신용리 242-1";"기타관광지";"관광단지"
1236;"12";"익산교도소세트장";"전북 익산시 성당면 와초리 154-4";"기타관광지";"촬영지"
1237;"13";"새만금33센터전망대";"전북 김제시 진봉면 심포리 2413-0";"기타관광지";"전망대"
1238;"14";"상하농원유기농목장";"전북 고창군 상하면 용정리 1386-1";"기타관광지";"목장"
1239;"15";"춘향테마파크";"전북 남원시 어현동 37-158";"기타관광지";"관광명소기타"
1240;"16";"곰소염전";"전북 부안군 진서면 곰소리 1-0";"기타관광지";"염전"
1241;"17";"적상전망대";"전북 무주군 적상면 북창리 산 119-8";"기타관광지";"전망대"
1242;"18";"호남제일문";"전북 전주시 덕진구 여의동 0-0";"기타관광지";"관광명소기타"
1243;"19";"내장산케이블카";"전북 정읍시 내장동 산 231-7";"기타관광지";"관광명소기타"
1244;"20";"적벽강";"전북 부안군 변산면 격포리 0-0";"기타관광지";"관광명소기타"
1245;"1";"군산근대역사박물관";"전북 군산시 장미동 1-67";"문화시설";"박물관/기념관"
1246;"2";"익산보석박물관";"전북 익산시 왕궁면 동용리 641-0";"문화시설";"박물관/기념관"
1247;"3";"국립전주박물관";"전북 전주시 완산구 효자동2가 900-0";"문화시설";"박물관/기념관"
1248;"4";"전북도립미술관";"전북 완주군 구이면 원기리 1068-7";"문화시설";"미술관"
1249;"5";"오스갤러리";"전북 완주군 소양면 대흥리 409-0";"문화시설";"화랑/전시관"
1250;"6";"새만금홍보관";"전북 부안군 변산면 대항리 141-0";"문화시설";"화랑/전시관"
1251;"7";"푸드사이언스관";"전북 순창군 순창읍 백산리 580-0";"문화시설";"화랑/전시관"
1252;"8";"전주난장";"전북 전주시 완산구 풍남동2가 32-5";"문화시설";"박물관/기념관"
1253;"9";"남원시립김병종미술관";"전북 남원시 어현동 273-0";"문화시설";"미술관"
1254;"10";"국립익산박물관";"전북 익산시 금마면 기양리 104-1";"문화시설";"박물관/기념관"
1255;"11";"발효소스토굴";"전북 순창군 순창읍 백산리 912-0";"문화시설";"화랑/전시관"
1256;"12";"고창고인돌박물관";"전북 고창군 고창읍 도산리 676-0";"문화시설";"박물관/기념관"
1257;"13";"국립무형유산원";"전북 전주시 완산구 동서학동 896-1";"문화시설";"문화원"
1258;"14";"테디베어뮤지엄 군산";"전북 군산시 월명동 6-2";"문화시설";"박물관/기념관"
1259;"15";"대한민국술테마박물관";"전북 완주군 구이면 덕천리 산 245-1";"문화시설";"박물관/기념관"
1260;"16";"삼례문화예술촌";"전북 완주군 삼례읍 후정리 247-1";"문화시설";"문화생활시설기타"
1261;"17";"본다빈치뮤지엄 군산";"전북 군산시 나운동 1234-31";"문화시설";"화랑/전시관"
1262;"18";"팔복예술공장";"전북 전주시 덕진구 팔복동1가 243-86";"문화시설";"화랑/전시관"
1263;"19";"산속등대";"전북 완주군 소양면 대흥리 965-1";"문화시설";"문화생활시설기타"
1264;"20";"한국전통문화전당";"전북 전주시 완산구 경원동3가 14-2";"문화시설";"전시장"
1265;"1";"전주한옥마을";"전북 전주시 완산구 남노송동 100-1";"역사관광지";"고택/생가/민속마을"
1266;"2";"미륵사지";"전북 익산시 금마면 기양리 32-2";"역사관광지";"문화유적지"
1267;"3";"군산신흥동일본식가옥";"전북 군산시 신흥동 58-2";"역사관광지";"문화유적지"
1268;"4";"순창고추장민속마을";"전북 순창군 순창읍 백산리 265-58";"역사관광지";"고택/생가/민속마을"
1269;"5";"라제통문";"전북 무주군 설천면 소천리 383-2";"역사관광지";"문화유적지"
1270;"6";"익산미륵사지석탑";"전북 익산시 금마면 기양리 97-0";"역사관광지";"문화유적지"
1271;"7";"풍패지관";"전북 전주시 완산구 중앙동3가 1-1";"역사관광지";"문화유적지"
1272;"8";"수성당";"전북 부안군 변산면 격포리 산 35-17";"역사관광지";"문화유적지"
1273;"9";"천호성지";"전북 완주군 비봉면 내월리 905-14";"역사관광지";"문화유적지"
1274;"10";"고창고인돌군";"전북 고창군 고창읍 죽림리 0-0";"역사관광지";"문화유적지"
1275;"11";"옥구향교";"전북 군산시 옥구읍 상평리 626-0";"역사관광지";"문화유적지"
1276;"12";"왕궁리유적전시관";"전북 익산시 왕궁면 왕궁리 562-0";"역사관광지";"문화유적지"
1277;"13";"왕궁리유적";"전북 익산시 왕궁면 왕궁리 0-0";"역사관광지";"문화유적지"
1278;"14";"광한루";"전북 남원시 천거동 77-1";"역사관광지";"문화유적지"
1279;"15";"익산왕궁리오층석탑";"전북 익산시 왕궁면 왕궁리 산 80-0";"역사관광지";"탑"
1280;"16";"무성서원";"전북 정읍시 칠보면 무성리 500-0";"역사관광지";"문화유적지"
1281;"17";"풍남문";"전북 전주시 완산구 전동 83-4";"역사관광지";"문화유적지"
1282;"18";"논개사당";"전북 장수군 장수읍 두산리 산 3-1";"역사관광지";"고택/생가/민속마을"
1283;"19";"경기전";"전북 전주시 완산구 풍남동3가 91-5";"역사관광지";"문화유적지"
1284;"20";"지리산천년송";"전북 남원시 산내면 부운리 산 111-0";"역사관광지";"문화유적지"
1285;"1";"선유도해수욕장";"전북 군산시 옥도면 선유도리 0-0";"자연관광지";"해수욕장"
1286;"2";"변산해수욕장";"전북 부안군 변산면 대항리 567-0";"자연관광지";"해수욕장"
1287;"3";"선유도";"전북 군산시 옥도면 선유도리 산 56-33";"자연관광지";"섬"
1288;"4";"은파호수공원";"전북 군산시 나운동 1223-5";"자연관광지";"공원"
1289;"5";"구시포해수욕장";"전북 고창군 상하면 자룡리 0-0";"자연관광지";"해수욕장"
1290;"6";"동호해수욕장";"전북 고창군 해리면 동호리 627-15";"자연관광지";"해수욕장"
1291;"7";"모항해수욕장";"전북 부안군 변산면 도청리 203-1";"자연관광지";"해수욕장"
1292;"8";"고사포해수욕장";"전북 부안군 변산면 운산리 441-7";"자연관광지";"해수욕장"
1293;"9";"격포해넘이해수욕장";"전북 부안군 변산면 격포리 0-0";"자연관광지";"해수욕장"
1294;"10";"선운산도립공원";"전북 고창군 아산면 삼인리 398-4";"자연관광지";"국/도립공원"
1295;"11";"강천산군립공원";"전북 순창군 팔덕면 청계리 0-0";"자연관광지";"국/도립공원"
1296;"12";"한국도로공사 수목원";"전북 전주시 덕진구 반월동 848-63";"자연관광지";"산림욕장"
1297;"13";"운일암반일암";"전북 진안군 주천면 대불리 0-0";"자연관광지";"폭포/계곡"
1298;"14";"무주구천동계곡";"전북 무주군 설천면 삼공리 0-0";"자연관광지";"폭포/계곡"
1299;"15";"뱀사골계곡";"전북 남원시 산내면 부운리 0-0";"자연관광지";"폭포/계곡"
1300;"16";"마이산";"전북 진안군 마령면 동촌리 8-0";"자연관광지";"명산"
1301;"17";"전주덕진공원";"전북 전주시 덕진구 덕진동1가 1314-4";"자연관광지";"공원"
1302;"18";"국립신시도자연휴양림";"전북 군산시 옥도면 신시도리 산 17-1";"자연관광지";"자연휴양림"
1303;"19";"변산반도국립공원";"전북 부안군 변산면 중계리 0-0";"자연관광지";"국/도립공원"
1304;"20";"무주반디랜드";"전북 무주군 설천면 청량리 1100-0";"자연관광지";"공원"
1305;"1";"전주동물원";"전북 전주시 덕진구 덕진동1가 73-48";"휴양관광지";"동식물원"
1306;"2";"무주덕유산리조트";"전북 무주군 설천면 심곡리 산 43-15";"휴양관광지";"종합위락시설"
1307;"3";"아쿠아틱파크아마존";"전북 완주군 구이면 항가리 507-2";"휴양관광지";"테마파크"
1308;"4";"아담원";"전북 남원시 이백면 양가리 80-4";"휴양관광지";"동식물원"
1309;"5";"석정온천휴스파";"전북 고창군 고창읍 석정리 733-0";"휴양관광지";"온천"
1310;"6";"대아수목원";"전북 완주군 동상면 대아리 산 1-2";"휴양관광지";"동식물원"
1311;"7";"사선대관광지";"전북 임실군 관촌면 관촌리 222-0";"휴양관광지";"유원지"
1312;"8";"꽃객프로젝트";"전북 고창군 부안면 용산리 409-1";"휴양관광지";"동식물원"
1313;"9";"달빛소리수목원";"전북 익산시 춘포면 천서리 408-1";"휴양관광지";"동식물원"
1314;"10";"신재생에너지테마파크";"전북 부안군 하서면 백련리 1244-0";"휴양관광지";"테마파크"
1315;"11";"방화동가족휴가촌";"전북 장수군 번암면 사암리 625-0";"휴양관광지";"종합위락시설"
1316;"12";"금당법용유원지";"전북 완주군 운주면 금당리 768-0";"휴양관광지";"유원지"
1317;"13";"왕궁온천";"전북 익산시 왕궁면 온수리 594-2";"휴양관광지";"온천"
1318;"14";"남원랜드";"전북 남원시 어현동 37-140";"휴양관광지";"테마파크"
1319;"15";"장군목유원지";"전북 순창군 동계면 어치리 603-3";"휴양관광지";"유원지"
1320;"16";"안심골유원지";"전북 완주군 운주면 완창리 45-0";"휴양관광지";"유원지"
1321;"17";"향가유원지";"전북 순창군 풍산면 대가리 0-0";"휴양관광지";"유원지"
1322;"18";"킹콩놀이터";"전북 군산시 성산면 둔덕리 278-1";"휴양관광지";"동식물원"
1323;"19";"익산온천랜드";"전북 익산시 석암동 78-1";"휴양관광지";"온천"
1324;"20";"원숭이학교";"전북 부안군 상서면 감교리 505-0";"휴양관광지";"동식물원"
1325;"1";"섭지코지";"제주 서귀포시 성산읍 고성리 127-2";"기타관광지";"관광명소기타"
1326;"2";"스누피가든";"제주 제주시 구좌읍 송당리 2303-3";"기타관광지";"관광명소기타"
1327;"3";"주상절리대";"제주 서귀포시 중문동 2768-1";"기타관광지";"관광명소기타"
1328;"4";"쇠소깍";"제주 서귀포시 하효동 995-0";"기타관광지";"관광명소기타"
1329;"5";"용두암";"제주 제주시 용담이동 483-0";"기타관광지";"관광명소기타"
1330;"6";"용머리해안";"제주 서귀포시 안덕면 사계리 0-0";"기타관광지";"관광명소기타"
1331;"7";"제주신화월드";"제주 서귀포시 안덕면 서광리 2518-0";"기타관광지";"관광단지"
1332;"8";"헬로키티아일랜드";"제주 서귀포시 안덕면 상창리 1963-2";"기타관광지";"관광명소기타"
1333;"9";"성이시돌목장";"제주 제주시 한림읍 금악리 142-0";"기타관광지";"목장"
1334;"10";"이호테우말등대";"제주 제주시 이호이동 1600-1";"기타관광지";"관광명소기타"
1335;"11";"선녀탕";"제주 서귀포시 서홍동 0-0";"기타관광지";"관광명소기타"
1336;"12";"신비의도로";"제주 제주시 노형동 289-15";"기타관광지";"관광명소기타"
1337;"13";"산굼부리";"제주 제주시 조천읍 교래리 산 38-0";"기타관광지";"관광단지"
1338;"14";"중문관광단지";"제주 서귀포시 중문동 0-0";"기타관광지";"관광단지"
1339;"15";"보롬왓";"제주 서귀포시 표선면 성읍리 3229-4";"기타관광지";"관광명소기타"
1340;"16";"아침미소목장";"제주 제주시 월평동 157-0";"기타관광지";"목장"
1341;"17";"수목원테마파크";"제주 제주시 연동 1320-0";"기타관광지";"관광명소기타"
1342;"18";"남원큰엉";"제주 서귀포시 남원읍 남원리 0-0";"기타관광지";"관광명소기타"
1343;"19";"용두암해안도로";"제주 제주시 용담삼동 0-0";"기타관광지";"데이트코스"
1344;"20";"새연교";"제주 서귀포시 서홍동 0-0";"기타관광지";"관광명소기타"
1345;"1";"오설록티뮤지엄";"제주 서귀포시 안덕면 서광리 1235-1";"문화시설";"박물관/기념관"
1346;"2";"아르떼뮤지엄 제주";"제주 제주시 애월읍 어음리 1503-0";"문화시설";"전시장"
1347;"3";"빛의벙커";"제주 서귀포시 성산읍 고성리 2039-22";"문화시설";"화랑/전시관"
1348;"4";"노형수퍼마R";"제주 제주시 해안동 2137-1";"문화시설";"문화생활시설기타"
1349;"5";"제주항공우주박물관";"제주 서귀포시 안덕면 서광리 산 39-0";"문화시설";"박물관/기념관"
1350;"6";"아르떼뮤지엄";"제주 제주시 애월읍 어음리 1503";"문화시설";"전시장"
1351;"7";"세계자동차&피아노박물관";"제주 서귀포시 안덕면 상창리 2065-4";"문화시설";"박물관/기념관"
1352;"8";"피규어뮤지엄 제주";"제주 서귀포시 안덕면 상창리 1875-8";"문화시설";"박물관/기념관"
1353;"9";"브릭캠퍼스 제주";"제주 제주시 노형동 244-1";"문화시설";"화랑/전시관"
1354;"10";"박물관은살아있다 제주중문점";"제주 서귀포시 색달동 2629-0";"문화시설";"박물관/기념관"
1355;"11";"이중섭미술관";"제주 서귀포시 서귀동 532-1";"문화시설";"미술관"
1356;"12";"본태박물관";"제주 서귀포시 안덕면 상천리 380-0";"문화시설";"박물관/기념관"
1357;"13";"넥슨컴퓨터박물관";"제주 제주시 노형동 86-0";"문화시설";"박물관/기념관"
1358;"14";"제주민속자연사박물관";"제주 제주시 일도이동 996-1";"문화시설";"박물관/기념관"
1359;"15";"테디베어뮤지엄 제주";"제주 서귀포시 색달동 2889-0";"문화시설";"박물관/기념관"
1360;"16";"제주현대미술관";"제주 제주시 한경면 저지리 2114-63";"문화시설";"미술관"
1361;"17";"송훈파크";"제주 제주시 애월읍 상가리 산 106-0";"문화시설";"문화생활시설기타"
1362;"18";"제주도립김창열미술관";"제주 제주시 한림읍 월림리 115-23";"문화시설";"미술관"
1363;"19";"제주해녀박물관";"제주 제주시 구좌읍 하도리 3204-1";"문화시설";"박물관/기념관"
1364;"20";"건강과성박물관";"제주 서귀포시 안덕면 감산리 1736-0";"문화시설";"박물관/기념관"
1365;"1";"제주민속촌";"제주 서귀포시 표선면 표선리 40-1";"역사관광지";"고택/생가/민속마을"
1366;"2";"항몽유적지";"제주 제주시 애월읍 상귀리 1012-0";"역사관광지";"문화유적지"
1367;"3";"성읍민속마을";"제주 서귀포시 표선면 성읍리 775-1";"역사관광지";"고택/생가/민속마을"
1368;"4";"삼성혈";"제주 제주시 이도일동 1313-0";"역사관광지";"문화유적지"
1369;"5";"알뜨르비행장";"제주 서귀포시 대정읍 상모리 0-0";"역사관광지";"문화유적지"
1370;"6";"제주목관아";"제주 제주시 삼도이동 1045-1";"역사관광지";"문화유적지"
1371;"7";"서귀포김정희유배지";"제주 서귀포시 대정읍 안성리 1661-1";"역사관광지";"문화유적지"
1372;"8";"제주모슬포알뜨르비행장일제지하벙커";"제주 서귀포시 대정읍 상모리 0-0";"역사관광지";"문화유적지"
1373;"9";"섯알오름";"제주 서귀포시 대정읍 상모리 0-0";"역사관광지";"문화유적지"
1374;"10";"연북정";"제주 제주시 조천읍 신흥리 2690-0";"역사관광지";"문화유적지"
1375;"11";"제주고산리선사유적";"제주 제주시 한경면 고산리 3628-0";"역사관광지";"문화유적지"
1376;"12";"김기량 순교현양비";"제주 제주시 조천읍 함덕리 940-2";"역사관광지";"기념비"
1377;"13";"톨칸이";"제주 제주시 우도면 연평리 0-0";"역사관광지";"문화유적지"
1378;"14";"위미동백나무군락";"제주 서귀포시 남원읍 위미리 0-0";"역사관광지";"문화유적지"
1379;"15";"제주삼양동유적";"제주 제주시 삼양일동 1660-5";"역사관광지";"문화유적지"
1380;"16";"신촌4.3성터";"제주 제주시 조천읍 신촌리 3403-0";"역사관광지";"문화유적지"
1381;"17";"무오법정사항일운동발상지";"제주 서귀포시 도순동 0-0";"역사관광지";"문화유적지"
1382;"18";"진아영할머니삶터";"제주 제주시 한림읍 월령리 380-0";"역사관광지";"고택/생가/민속마을"
1383;"19";"삼사석지";"제주 제주시 화북일동 1380-1";"역사관광지";"탑"
1384;"20";"대정향교";"제주 서귀포시 안덕면 사계리 3126-0";"역사관광지";"문화유적지"
1385;"1";"협재해수욕장";"제주 제주시 한림읍 협재리 0-0";"자연관광지";"해수욕장"
1386;"2";"함덕해수욕장";"제주 제주시 조천읍 함덕리 산 14-1";"자연관광지";"해수욕장"
1387;"3";"성산일출봉";"제주 서귀포시 성산읍 성산리 114-0";"자연관광지";"명산"
1388;"4";"곽지해수욕장";"제주 제주시 애월읍 곽지리 0-0";"자연관광지";"해수욕장"
1389;"5";"이호테우해변";"제주 제주시 이호일동 0-0";"자연관광지";"해수욕장"
1390;"6";"김녕해수욕장";"제주 제주시 구좌읍 김녕리 497-4";"자연관광지";"해수욕장"
1391;"7";"금능해수욕장";"제주 제주시 한림읍 금능리 2026-0";"자연관광지";"해수욕장"
1392;"8";"비자림";"제주 제주시 구좌읍 평대리 3161-1";"자연관광지";"자연휴양림"
1393;"9";"중문색달해변";"제주 서귀포시 색달동 0-0";"자연관광지";"해수욕장"
1394;"10";"천지연폭포";"제주 서귀포시 서홍동 0-0";"자연관광지";"폭포/계곡"
1395;"11";"금오름";"제주 제주시 한림읍 금악리 0-0";"자연관광지";"명산"
1396;"12";"월정리해변";"제주 제주시 구좌읍 월정리 0-0";"자연관광지";"해수욕장"
1397;"13";"만장굴";"제주 제주시 구좌읍 김녕리 3341-3";"자연관광지";"동굴"
1398;"14";"표선해수욕장";"제주 서귀포시 표선면 표선리 0-0";"자연관광지";"해수욕장"
1399;"15";"정방폭포";"제주 서귀포시 동홍동 0-0";"자연관광지";"폭포/계곡"
1400;"16";"세화해수욕장";"제주 제주시 구좌읍 세화리 1728-6";"자연관광지";"해수욕장"
1401;"17";"새별오름";"제주 제주시 애월읍 봉성리 산 59-8";"자연관광지";"명산"
1402;"18";"황우지해안";"제주 서귀포시 서홍동 766-1";"자연관광지";"해수욕장"
1403;"19";"사계해수욕장";"제주 서귀포시 안덕면 사계리 산 0-0";"자연관광지";"해수욕장"
1404;"20";"광치기해변";"제주 서귀포시 성산읍 고성리 224-33";"자연관광지";"해수욕장"
1405;"1";"아쿠아플라넷 제주";"제주 서귀포시 성산읍 고성리 127-1";"휴양관광지";"수족관"
1406;"2";"9.81파크";"제주 제주시 애월읍 어음리 산 131-0";"휴양관광지";"테마파크"
1407;"3";"에코랜드테마파크";"제주 제주시 조천읍 대흘리 1221-1";"휴양관광지";"테마파크"
1408;"4";"뽀로로&타요테마파크 제주";"제주 서귀포시 안덕면 상창리 79-0";"휴양관광지";"테마파크"
1409;"5";"카멜리아힐";"제주 서귀포시 안덕면 상창리 271-0";"휴양관광지";"동식물원"
1410;"6";"퍼시픽랜드 마린스테이지";"제주 서귀포시 색달동 2950-5";"휴양관광지";"테마파크"
1411;"7";"액티브파크";"제주 제주시 한림읍 금능리 2208-4";"휴양관광지";"테마파크"
1412;"8";"산방산탄산온천";"제주 서귀포시 안덕면 사계리 981-0";"휴양관광지";"온천"
1413;"9";"라온프라이빗타운";"제주 제주시 한림읍 협재리 2838-0";"휴양관광지";"종합위락시설"
1414;"10";"제주공룡랜드";"제주 제주시 애월읍 광령리 2677-1";"휴양관광지";"테마파크"
1415;"11";"무민랜드 제주";"제주 서귀포시 안덕면 상천리 470-6";"휴양관광지";"테마파크"
1416;"12";"신화테마파크";"제주 서귀포시 안덕면 서광리 산 35-16";"휴양관광지";"테마파크"
1417;"13";"화조원";"제주 제주시 애월읍 납읍리 2-0";"휴양관광지";"동식물원"
1418;"14";"제주여미지식물원";"제주 서귀포시 색달동 2484-1";"휴양관광지";"동식물원"
1419;"15";"다이나믹메이즈 성읍점";"제주 서귀포시 표선면 성읍리 2381-0";"휴양관광지";"테마파크"
1420;"16";"김영관센터";"제주 서귀포시 강정동 2790-1";"휴양관광지";"종합위락시설"
1421;"17";"상효원수목원";"제주 서귀포시 상효동 산 25-0";"휴양관광지";"동식물원"
1422;"18";"강정천유원지";"제주 서귀포시 강정동 2674-4";"휴양관광지";"유원지"
1423;"19";"퍼시픽리솜";"제주 서귀포시 색달동 2950-5";"휴양관광지";"유원지"
1424;"20";"돈내코유원지";"제주 서귀포시 상효동 1459-0";"휴양관광지";"유원지"
1425;"1";"삽교호관광지";"충남 당진시 신평면 운정리 187-3";"기타관광지";"관광단지"
1426;"2";"예당호출렁다리";"충남 예산군 응봉면 후사리 0-0";"기타관광지";"관광명소기타"
1427;"3";"신정호국민관광지";"충남 아산시 방축동 0-0";"기타관광지";"관광단지"
1428;"4";"탑정호출렁다리";"충남 논산시 가야곡면 종연리 155-0";"기타관광지";"관광명소기타"
1429;"5";"지중해마을";"충남 아산시 탕정면 명암리 949-1";"기타관광지";"관광명소기타"
1430;"6";"국립생태원";"충남 서천군 마서면 송내리 223-3";"기타관광지";"관광명소기타"
1431;"7";"태안신두리해안사구";"충남 태안군 원북면 신두리 산 305-1";"기타관광지";"관광명소기타"
1432;"8";"장항스카이워크";"충남 서천군 장항읍 송림리 산 58-48";"기타관광지";"전망대"
1433;"9";"백제문화단지";"충남 부여군 규암면 합정리 138-0";"기타관광지";"관광단지"
1434;"10";"내포보부상촌";"충남 예산군 덕산면 사동리 284-0";"기타관광지";"관광명소기타"
1435;"11";"천장호출렁다리";"충남 청양군 정산면 천장리 0-0";"기타관광지";"관광명소기타"
1436;"12";"하늘물빛정원";"충남 금산군 추부면 요광리 713-1";"기타관광지";"관광농원"
1437;"13";"아름다운정원화수목";"충남 천안시 동남구 목천읍 교천리 211-1";"기타관광지";"관광농원"
1438;"14";"메타세콰이어길";"충남 공주시 의당면 청룡리 905-1";"기타관광지";"관광명소기타"
1439;"15";"사랑나무";"충남 부여군 임천면 군사리 산 1-1";"기타관광지";"촬영지"
1440;"16";"신성리갈대밭";"충남 서천군 한산면 신성리 0-0";"기타관광지";"관광명소기타"
1441;"17";"금강하구둑관광단지";"충남 서천군 마서면 도삼리 0-0";"기타관광지";"관광단지"
1442;"18";"아산퍼스트빌리지공룡월드";"충남 아산시 둔포면 신항리 17-3";"기타관광지";"관광명소기타"
1443;"19";"팜카밀레허브농원";"충남 태안군 남면 몽산리 977-0";"기타관광지";"관광농원"
1444;"20";"죽도관광지";"충남 보령시 남포면 월전리 0-0";"기타관광지";"관광단지"
1445;"1";"독립기념관";"충남 천안시 동남구 목천읍 남화리 230-1";"문화시설";"박물관/기념관"
1446;"2";"안면도쥬라기박물관";"충남 태안군 남면 신온리 641-3";"문화시설";"박물관/기념관"
1447;"3";"모나무르";"충남 아산시 장존동 185-7";"문화시설";"전시장"
1448;"4";"국립부여박물관";"충남 부여군 부여읍 동남리 산 16-1";"문화시설";"박물관/기념관"
1449;"5";"아미미술관";"충남 당진시 순성면 성북리 158-0";"문화시설";"미술관"
1450;"6";"국립공주박물관";"충남 공주시 웅진동 360-0";"문화시설";"박물관/기념관"
1451;"7";"영인산산림박물관";"충남 아산시 염치읍 강청리 산 34-5";"문화시설";"박물관/기념관"
1452;"8";"아산생태곤충원";"충남 아산시 배미동 24-1";"문화시설";"전시장"
1453;"9";"보령석탄박물관";"충남 보령시 성주면 개화리 114-4";"문화시설";"박물관/기념관"
1454;"10";"천안박물관";"충남 천안시 동남구 삼룡동 261-10";"문화시설";"박물관/기념관"
1455;"11";"석장리박물관";"충남 공주시 석장리동 118-0";"문화시설";"박물관/기념관"
1456;"12";"장영실과학관";"충남 아산시 배미동 5-4";"문화시설";"과학관"
1457;"13";"한산모시관";"충남 서천군 한산면 지현리 60-1";"문화시설";"화랑/전시관"
1458;"14";"온양민속박물관";"충남 아산시 권곡동 403-1";"문화시설";"박물관/기념관"
1459;"15";"계룡산자연사박물관";"충남 공주시 반포면 학봉리 511-1";"문화시설";"박물관/기념관"
1460;"16";"신두리사구센터";"충남 태안군 원북면 신두리 1221-82";"문화시설";"화랑/전시관"
1461;"17";"당진전력문화홍보관";"충남 당진시 석문면 교로리 974-0";"문화시설";"화랑/전시관"
1462;"18";"한국문화연수원";"충남 공주시 사곡면 운암리 604-0";"문화시설";"문화원"
1463;"19";"청양군목재문화자연사체험관";"충남 청양군 대치면 광대리 316-18";"문화시설";"화랑/전시관"
1464;"20";"천안홍대용과학관";"충남 천안시 동남구 수신면 장산리 646-9";"문화시설";"과학관"
1465;"1";"궁남지";"충남 부여군 부여읍 동남리 117-0";"역사관광지";"문화유적지"
1466;"2";"외암리민속마을";"충남 아산시 송악면 외암리 84-0";"역사관광지";"고택/생가/민속마을"
1467;"3";"현충사";"충남 아산시 염치읍 백암리 100-0";"역사관광지";"문화유적지"
1468;"4";"솔뫼성지";"충남 당진시 우강면 송산리 108-0";"역사관광지";"문화유적지"
1469;"5";"공주한옥마을";"충남 공주시 웅진동 325-11";"역사관광지";"고택/생가/민속마을"
1470;"6";"무령왕릉";"충남 공주시 웅진동 57-0";"역사관광지";"능묘"
1471;"7";"낙화암";"충남 부여군 부여읍 쌍북리 0-0";"역사관광지";"문화유적지"
1472;"8";"서산마애여래삼존상";"충남 서산시 운산면 용현리 산 2-10";"역사관광지";"문화유적지"
1473;"9";"추사고택";"충남 예산군 신암면 용궁리 798-0";"역사관광지";"고택/생가/민속마을"
1474;"10";"정림사지5층석탑";"충남 부여군 부여읍 동남리 254-0";"역사관광지";"탑"
1475;"11";"충청수영성";"충남 보령시 오천면 소성리 661-1";"역사관광지";"문화유적지"
1476;"12";"정림사지";"충남 부여군 부여읍 동남리 364-0";"역사관광지";"문화유적지"
1477;"13";"칠백의총";"충남 금산군 금성면 의총리 135-1";"역사관광지";"문화유적지"
1478;"14";"조양문";"충남 홍성군 홍성읍 오관리 213-0";"역사관광지";"문화유적지"
1479;"15";"논산명재고택";"충남 논산시 노성면 교촌리 306-0";"역사관광지";"고택/생가/민속마을"
1480;"16";"면천읍성";"충남 당진시 면천면 성상리 930-1";"역사관광지";"문화유적지"
1481;"17";"충의사";"충남 예산군 덕산면 시량리 119-1";"역사관광지";"문화유적지"
1482;"18";"마량리동백나무숲";"충남 서천군 서면 마량리 313-4";"역사관광지";"문화유적지"
1483;"19";"문헌서원";"충남 서천군 기산면 영모리 10-0";"역사관광지";"문화유적지"
1484;"20";"돈암서원";"충남 논산시 연산면 임리 74-0";"역사관광지";"문화유적지"
1485;"1";"대천해수욕장";"충남 보령시 신흑동 0-0";"자연관광지";"해수욕장"
1486;"2";"꽃지해수욕장";"충남 태안군 안면읍 승언리 339-282";"자연관광지";"해수욕장"
1487;"3";"만리포해수욕장";"충남 태안군 소원면 모항리 1358-0";"자연관광지";"해수욕장"
1488;"4";"무창포해수욕장";"충남 보령시 웅천읍 관당리 799-1";"자연관광지";"해수욕장"
1489;"5";"몽산포해수욕장";"충남 태안군 남면 신장리 353-176";"자연관광지";"해수욕장"
1490;"6";"왜목마을해수욕장";"충남 당진시 석문면 교로리 844-4";"자연관광지";"해수욕장"
1491;"7";"춘장대해수욕장";"충남 서천군 서면 도둔리 산 46-1";"자연관광지";"해수욕장"
1492;"8";"청포대해수욕장";"충남 태안군 남면 원청리 0-0";"자연관광지";"해수욕장"
1493;"9";"상화원";"충남 보령시 남포면 월전리 산 154-1";"자연관광지";"공원"
1494;"10";"삽교호함상공원";"충남 당진시 신평면 운정리 197-3";"자연관광지";"공원"
1495;"11";"파도리해수욕장";"충남 태안군 소원면 파도리 0-0";"자연관광지";"해수욕장"
1496;"12";"안면도자연휴양림";"충남 태안군 안면읍 승언리 산 32-567";"자연관광지";"자연휴양림"
1497;"13";"삼봉해수욕장";"충남 태안군 안면읍 창기리 0-0";"자연관광지";"해수욕장"
1498;"14";"안면도";"충남 태안군 안면읍 승언리 0-0";"자연관광지";"섬"
1499;"15";"천리포수목원";"충남 태안군 소원면 의항리 875-0";"자연관광지";"산림욕장"
1500;"16";"벌천포해수욕장";"충남 서산시 대산읍 오지리 0-0";"자연관광지";"해수욕장"
1501;"17";"강당골";"충남 아산시 송악면 강당리 0-0";"자연관광지";"폭포/계곡"
1502;"18";"탑정호";"충남 논산시 부적면 신풍리 0-0";"자연관광지";"호수"
1503;"19";"독산해수욕장";"충남 보령시 웅천읍 관당리 0-0";"자연관광지";"해수욕장"
1504;"20";"예당저수지";"충남 예산군 응봉면 등촌리 0-0";"자연관광지";"저수지"
1505;"1";"삽교호놀이동산";"충남 당진시 신평면 운정리 208-1";"휴양관광지";"테마파크"
1506;"2";"파라다이스스파도고";"충남 아산시 도고면 기곡리 180-1";"휴양관광지";"온천"
1507;"3";"아산스파비스";"충남 아산시 음봉면 신수리 288-6";"휴양관광지";"온천"
1508;"4";"청산수목원";"충남 태안군 남면 신장리 451-0";"휴양관광지";"동식물원"
1509;"5";"신정호유원지";"충남 아산시 방축동 418-1";"휴양관광지";"유원지"
1510;"6";"소노벨 천안오션어드벤처";"충남 천안시 동남구 성남면 용원리 672-0";"휴양관광지";"테마파크"
1511;"7";"선샤인랜드";"충남 논산시 연무읍 황화정리 859-44";"휴양관광지";"테마파크"
1512;"8";"스플라스워터파크";"충남 예산군 덕산면 사동리 362-0";"휴양관광지";"온천"
1513;"9";"아산온천";"충남 아산시 음봉면 신수리 290-5";"휴양관광지";"온천"
1514;"10";"피나클랜드";"충남 아산시 영인면 월선리 346-2";"휴양관광지";"유원지"
1515;"11";"천안상록리조트";"충남 천안시 동남구 수신면 장산리 669-1";"휴양관광지";"종합위락시설"
1516;"12";"세계꽃식물원";"충남 아산시 도고면 봉농리 577-0";"휴양관광지";"동식물원"
1517;"13";"노라쥬";"충남 공주시 정안면 인풍리 82-1";"휴양관광지";"동식물원"
1518;"14";"덕산싸이판온천";"충남 예산군 덕산면 사동리 351-0";"휴양관광지";"온천"
1519;"15";"고운식물원";"충남 청양군 청양읍 군량리 389-2";"휴양관광지";"동식물원"
1520;"16";"이안숲속";"충남 공주시 반포면 마암리 648-4";"휴양관광지";"동식물원"
1521;"17";"논산벌곡랜드";"충남 논산시 벌곡면 한삼천리 308-4";"휴양관광지";"유원지"
1522;"18";"상록리조트상록랜드";"충남 천안시 동남구 수신면 장산리 669-1";"휴양관광지";"유원지"
1523;"19";"그림같은수목원";"충남 홍성군 광천읍 매현리 459-1";"휴양관광지";"동식물원"
1524;"20";"까치내유원지";"충남 청양군 대치면 작천리 49-2";"휴양관광지";"유원지"
1525;"1";"청풍호반케이블카";"충북 제천시 청풍면 물태리 98-2";"기타관광지";"관광명소기타"
1526;"2";"만천하스카이워크";"충북 단양군 적성면 애곡리 94-0";"기타관광지";"전망대"
1527;"3";"도담삼봉";"충북 단양군 매포읍 하괴리 20-12";"기타관광지";"관광명소기타"
1528;"4";"대청댐전망대";"충북 청주시 상당구 문의면 덕유리 629-12";"기타관광지";"전망대"
1529;"5";"산막이옛길";"충북 괴산군 칠성면 사은리 546-1";"기타관광지";"관광명소기타"
1530;"6";"사인암";"충북 단양군 대강면 사인암리 산 27-0";"기타관광지";"관광명소기타"
1531;"7";"청남대";"충북 청주시 상당구 문의면 신대리 산 26-1";"기타관광지";"관광명소기타"
1532;"8";"수양개빛터널";"충북 단양군 적성면 애곡리 209-1";"기타관광지";"관광명소기타"
1533;"9";"충주댐전망대";"충북 충주시 종민동 산 13-1";"기타관광지";"전망대"
1534;"10";"말티재전망대";"충북 보은군 장안면 장재리 산 4-14";"기타관광지";"전망대"
1535;"11";"이끼터널";"충북 단양군 적성면 애곡리 129-2";"기타관광지";"관광명소기타"
1536;"12";"벨포레목장";"충북 증평군 도안면 연촌리 산 58-0";"기타관광지";"목장"
1537;"13";"온달관광지";"충북 단양군 영춘면 하리 147-0";"기타관광지";"관광단지"
1538;"14";"청풍문화재단지";"충북 제천시 청풍면 물태리 산 6-20";"기타관광지";"관광단지"
1539;"15";"다리안국민관광지";"충북 단양군 단양읍 천동리 380-16";"기타관광지";"관광단지"
1540;"16";"제천모산비행장";"충북 제천시 고암동 0-0";"기타관광지";"촬영지"
1541;"17";"초평호한반도전망대";"충북 진천군 초평면 화산리 563-1";"기타관광지";"전망대"
1542;"18";"부소담악";"충북 옥천군 군북면 추소리 0-0";"기타관광지";"관광명소기타"
1543;"19";"괴산자연드림파크1단지";"충북 괴산군 칠성면 율원리 산 2-4";"기타관광지";"관광명소기타"
1544;"20";"단양팔경";"충북 단양군 단양읍 고수리 145-6";"기타관광지";"관광명소기타"
1545;"1";"국립현대미술관 청주관";"충북 청주시 청원구 내덕동 201-1";"문화시설";"미술관"
1546;"2";"화랑관";"충북 진천군 진천읍 교성리 108-0";"문화시설";"문화원"
1547;"3";"진천종박물관";"충북 진천군 진천읍 장관리 710-0";"문화시설";"박물관/기념관"
1548;"4";"충주댐물문화관";"충북 충주시 동량면 조동리 45-0";"문화시설";"문화생활시설기타"
1549;"5";"충주고구려비전시관";"충북 충주시 중앙탑면 용전리 280-17";"문화시설";"화랑/전시관"
1550;"6";"충주오대호아트팩토리";"충북 충주시 앙성면 돈산리 11-5";"문화시설";"화랑/전시관"
1551;"7";"더플레이그라운드";"충북 청주시 상당구 가덕면 상야리 351-1";"문화시설";"문화생활시설기타"
1552;"8";"동부창고";"충북 청주시 청원구 내덕동 201-32";"문화시설";"문화생활시설기타"
1553;"9";"청주시립미술관";"충북 청주시 서원구 사직동 604-26";"문화시설";"미술관"
1554;"10";"의림지역사박물관";"충북 제천시 모산동 223-2";"문화시설";"박물관/기념관"
1555;"11";"충주커피박물관";"충북 충주시 살미면 내사리 산 20-2";"문화시설";"박물관/기념관"
1556;"12";"국립청주박물관";"충북 청주시 상당구 명암동 87-0";"문화시설";"박물관/기념관"
1557;"13";"청주고인쇄박물관";"충북 청주시 흥덕구 운천동 866-0";"문화시설";"박물관/기념관"
1558;"14";"충주고구려천문과학관";"충북 충주시 중앙탑면 하구암리 143-3";"문화시설";"과학관"
1559;"15";"수안보곤충박물관";"충북 충주시 수안보면 온천리 445-0";"문화시설";"박물관/기념관"
1560;"16";"수양개선사유물전시관";"충북 단양군 적성면 애곡리 산 24-19";"문화시설";"화랑/전시관"
1561;"17";"한국잠사박물관";"충북 청주시 흥덕구 강내면 학천리 175";"문화시설";"박물관/기념관"
1562;"18";"증평민속체험박물관";"충북 증평군 증평읍 남하리 91-0";"문화시설";"박물관/기념관"
1563;"19";"마차박물관";"충북 진천군 문백면 옥성리 563-0";"문화시설";"박물관/기념관"
1564;"20";"감곡복숭아홍보관";"충북 음성군 감곡면 오궁리 533-32";"문화시설";"전시장"
1565;"1";"진천농다리";"충북 진천군 문백면 구산동리 601-32";"역사관광지";"문화유적지"
1566;"2";"배론성지";"충북 제천시 봉양읍 구학리 644-1";"역사관광지";"문화유적지"
1567;"3";"보탑사";"충북 진천군 진천읍 연곡리 483-0";"역사관광지";"문화유적지"
1568;"4";"배티성지";"충북 진천군 백곡면 양백리 471-0";"역사관광지";"문화유적지"
1569;"5";"옥천육영수생가";"충북 옥천군 옥천읍 교동리 313-0";"역사관광지";"고택/생가/민속마을"
1570;"6";"충주탄금대";"충북 충주시 칠금동 산 1-1";"역사관광지";"문화유적지"
1571;"7";"정지용생가";"충북 옥천군 옥천읍 하계리 39-0";"역사관광지";"고택/생가/민속마을"
1572;"8";"초정행궁";"충북 청주시 청원구 내수읍 초정리 81-5";"역사관광지";"문화유적지"
1573;"9";"운보의집";"충북 청주시 청원구 내수읍 형동리 428-2";"역사관광지";"고택/생가/민속마을"
1574;"10";"옥화1경청석굴";"충북 청주시 상당구 미원면 운암리";"역사관광지";"문화유적지"
1575;"11";"미륵대원지";"충북 충주시 수안보면 미륵리 58-0";"역사관광지";"문화유적지"
1576;"12";"만수계곡자연관찰로";"충북 충주시 수안보면 미륵리 0-0";"역사관광지";"문화유적지"
1577;"13";"청주향교";"충북 청주시 상당구 대성동 55-0";"역사관광지";"문화유적지"
1578;"14";"반기문생가";"충북 음성군 원남면 상당리 600-1";"역사관광지";"고택/생가/민속마을"
1579;"15";"우륵당";"충북 충주시 호암동 562-0";"역사관광지";"문화유적지"
1580;"16";"방곡도예촌";"충북 단양군 대강면 방곡리 359-0";"역사관광지";"고택/생가/민속마을"
1581;"17";"김유신장군탄생지";"충북 진천군 진천읍 상계리 18-0";"역사관광지";"문화유적지"
1582;"18";"온달산성";"충북 단양군 영춘면 하리 산 67-0";"역사관광지";"문화유적지"
1583;"19";"옥화4경옥화대";"충북 청주시 상당구 미원면 옥화리 0-0";"역사관광지";"문화유적지"
1584;"20";"옥천독락정";"충북 옥천군 안남면 연주리 617-0";"역사관광지";"문화유적지"
1585;"1";"활옥동굴";"충북 충주시 목벌동 319-0";"자연관광지";"동굴"
1586;"2";"의림지";"충북 제천시 모산동 241-0";"자연관광지";"저수지"
1587;"3";"오창호수공원";"충북 청주시 청원구 오창읍 양청리 753-0";"자연관광지";"공원"
1588;"4";"고수동굴";"충북 단양군 단양읍 고수리 130-0";"자연관광지";"동굴"
1589;"5";"쌍곡계곡";"충북 괴산군 칠성면 쌍곡리 0-0";"자연관광지";"폭포/계곡"
1590;"6";"중앙탑공원";"충북 충주시 중앙탑면 탑평리 0-0";"자연관광지";"공원"
1591;"7";"송계계곡";"충북 제천시 한수면 송계리 0-0";"자연관광지";"폭포/계곡"
1592;"8";"화양구곡";"충북 괴산군 청천면 화양리 0-0";"자연관광지";"폭포/계곡"
1593;"9";"속리산국립공원 법주사지구";"충북 보은군 속리산면 상판리 0-0";"자연관광지";"국/도립공원"
1594;"10";"수주팔봉";"충북 충주시 살미면 토계리 0-0";"자연관광지";"명산"
1595;"11";"좌구산자연휴양림";"충북 증평군 증평읍 율리 산 61-1";"자연관광지";"자연휴양림"
1596;"12";"능강계곡";"충북 제천시 수산면 능강리 0-0";"자연관광지";"폭포/계곡"
1597;"13";"탄금대공원";"충북 충주시 칠금동 0-0";"자연관광지";"공원"
1598;"14";"문암생태공원";"충북 청주시 흥덕구 문암동 100-0";"자연관광지";"공원"
1599;"15";"백곡저수지";"충북 진천군 진천읍 건송리 0-0";"자연관광지";"저수지"
1600;"16";"덕동계곡";"충북 제천시 백운면 덕동리 0-0";"자연관광지";"폭포/계곡"
1601;"17";"장령산자연휴양림";"충북 옥천군 군서면 금산리 산 15-1";"자연관광지";"자연휴양림"
1602;"18";"물한계곡";"충북 영동군 상촌면 물한리 0-0";"자연관광지";"폭포/계곡"
1603;"19";"수옥폭포";"충북 괴산군 연풍면 원풍리 0-0";"자연관광지";"폭포/계곡"
1604;"20";"월류봉";"충북 영동군 황간면 원촌리 0-0";"자연관광지";"명산"
1605;"1";"단양다누리센터아쿠아리움";"충북 단양군 단양읍 별곡리 569-0";"휴양관광지";"수족관"
1606;"2";"수생식물학습원";"충북 옥천군 군북면 대정리 102-0";"휴양관광지";"동식물원"
1607;"3";"충주라바랜드";"충북 충주시 금릉동 533-0";"휴양관광지";"테마파크"
1608;"4";"수안보온천랜드";"충북 충주시 수안보면 온천리 291-1";"휴양관광지";"온천"
1609;"5";"앙성탄산온천";"충북 충주시 앙성면 능암리 700-1";"휴양관광지";"온천"
1610;"6";"삼탄유원지";"충북 충주시 산척면 명서리 488-0";"휴양관광지";"유원지"
1611;"7";"능암온천랜드";"충북 충주시 앙성면 능암리 산 14-0";"휴양관광지";"온천"
1612;"8";"금강유원지";"충북 옥천군 동이면 조령리 576-0";"휴양관광지";"유원지"
1613;"9";"청주온천스파피아";"충북 청주시 서원구 분평동 343-23";"휴양관광지";"온천"
1614;"10";"해브나인힐링스파";"충북 제천시 백운면 평동리 707-0";"휴양관광지";"온천"
1615;"11";"의림지파크랜드";"충북 제천시 모산동 233-3";"휴양관광지";"테마파크"
1616;"12";"청주동물원";"충북 청주시 상당구 명암동 40-0";"휴양관광지";"동식물원"
1617;"13";"애니멀빌리지";"충북 청주시 상당구 수동 81-331";"휴양관광지";"동식물원"
1618;"14";"대덕숲유원지";"충북 청주시 상당구 미원면 대덕리 266-1";"휴양관광지";"유원지"
1619;"15";"괴산트리하우스가든";"충북 괴산군 불정면 앵천리 150-3";"휴양관광지";"동식물원"
1620;"16";"낙천탕";"충북 충주시 수안보면 온천리 200-1";"휴양관광지";"온천"
1621;"17";"노산리솔밭자연유원지";"충북 청주시 서원구 현도면 노산리 899-0";"휴양관광지";"유원지"
1622;"18";"목도강변유원지";"충북 괴산군 불정면 목도리 864-19";"휴양관광지";"유원지"
1623;"19";"소선암유원지";"충북 단양군 단성면 가산리 851-0";"휴양관광지";"유원지"
1624;"20";"외쌍유원지";"충북 괴산군 칠성면 쌍곡리 0-0";"휴양관광지";"유원지"
